ncm,capitulo,marca_aec,res_1_2022_agosto,res_26_2022_octubre,entrada,salida
0203.19.00,02,,si,si,2022-08-25,2023-12-27
0203.29.00,02,,si,si,2022-08-25,2023-12-27
0207.11.00,02,,si,si,2022-08-25,2023-12-27
0207.12.00,02,,si,si,2022-08-25,2023-12-27
0207.13.00,02,,si,si,2022-08-25,2023-12-27
0207.14.00,02,,si,si,2022-08-25,2023-12-27
0210.12.00,02,,si,si,2022-08-25,2023-12-27
0210.19.00,02,,si,si,2022-08-25,2023-12-27
0406.20.00,04,,si,si,2022-08-25,2023-12-27
0408.11.00,04,,si,si,2022-08-25,2023-12-27
0408.91.00,04,,si,si,2022-08-25,2023-12-27
0511.10.00,05,,si,si,2022-08-25,2023-12-27
0901.21.00,09,,si,si,2022-08-25,2023-12-27
1604.14.10,16,,si,si,2022-08-25,2023-12-27
1604.14.20,16,,si,si,2022-08-25,2023-12-27
1604.20.10,16,,si,si,2022-08-25,2023-12-27
1604.20.20,16,,si,si,2022-08-25,2023-12-27
1704.10.00,17,,si,si,2022-08-25,2023-12-27
1704.90.20,17,,si,si,2022-08-25,2023-12-27
1806.20.00,18,,si,si,2022-08-25,2023-12-27
1806.31.10,18,,si,si,2022-08-25,2023-12-27
1806.31.20,18,,si,si,2022-08-25,2023-12-27
1806.32.10,18,,si,si,2022-08-25,2023-12-27
1806.32.20,18,,si,si,2022-08-25,2023-12-27
1806.90.00,18,,si,si,2022-08-25,2023-12-27
1904.10.00,19,,si,si,2022-08-25,2023-12-27
1905.32.00,19,,si,si,2022-08-25,2023-12-27
1905.90.90,19,,si,si,2022-08-25,2023-12-27
2002.90.90,20,,si,si,2022-08-25,2023-12-27
2005.20.00,20,,si,si,2022-08-25,2023-12-27
2101.11.10,21,,si,si,2022-08-25,2023-12-27
2101.12.00,21,,si,si,2022-08-25,2023-12-27
2106.90.50,21,,si,si,2022-08-25,2023-12-27
2106.90.60,21,,si,si,2022-08-25,2023-12-27
2202.99.00,22,,si,si,2022-08-25,2023-12-27
2203.00.00,22,,si,si,2022-08-25,2023-12-27
2204.10.10,22,,si,si,2022-08-25,2023-12-27
2204.29.10,22,,si,si,2022-08-25,2023-12-27
2206.00.00,22,,si,no,2022-08-25,2022-10-04
2208.30.20,22,,si,si,2022-08-25,2023-12-27
2309.10.00,23,,si,si,2022-08-25,2023-12-27
2309.90.10,23,,si,si,2022-08-25,2023-12-27
2309.90.20,23,,si,si,2022-08-25,2023-12-27
2309.90.30,23,,si,si,2022-08-25,2023-12-27
2309.90.40,23,,si,si,2022-08-25,2023-12-27
2309.90.60,23,,si,si,2022-08-25,2023-12-27
2309.90.90,23,,si,si,2022-08-25,2023-12-27
2807.00.10,28,,si,si,2022-08-25,2023-12-27
2808.00.10,28,,no,si,2022-10-04,2023-12-27
2815.11.00,28,,si,si,2022-08-25,2023-12-27
2815.12.00,28,,si,si,2022-08-25,2023-12-27
2817.00.10,28,,si,si,2022-08-25,2023-12-27
2827.49.21,28,,si,si,2022-08-25,2023-12-27
2830.10.10,28,,si,si,2022-08-25,2023-12-27
2830.10.20,28,,si,si,2022-08-25,2023-12-27
2833.22.00,28,,si,si,2022-08-25,2023-12-27
2836.30.00,28,,si,si,2022-08-25,2023-12-27
2904.10.20,29,,si,si,2022-08-25,2023-12-27
2904.10.51,29,,si,si,2022-08-25,2023-12-27
2905.11.00,29,,si,si,2022-08-25,2023-12-27
2909.11.00,29,,si,si,2022-08-25,2023-12-27
2915.50.20,29,,si,si,2022-08-25,2023-12-27
2915.70.31,29,,si,si,2022-08-25,2023-12-27
2915.70.39,29,,no,si,2022-10-04,2023-12-27
2916.31.10,29,,si,si,2022-08-25,2023-12-27
2916.31.21,29,,si,si,2022-08-25,2023-12-27
2917.12.20,29,,si,si,2022-08-25,2023-12-27
2917.19.22,29,,si,si,2022-08-25,2023-12-27
2917.32.00,29,,si,si,2022-08-25,2023-12-27
2917.33.00,29,,si,si,2022-08-25,2023-12-27
2917.34.00,29,,si,si,2022-08-25,2023-12-27
2917.35.00,29,,si,si,2022-08-25,2023-12-27
2917.39.31,29,,si,si,2022-08-25,2023-12-27
2918.15.00,29,,si,si,2022-08-25,2023-12-27
2918.70.39,29,,si,no,2022-08-25,2022-10-04
2920.90.32,29,,si,si,2022-08-25,2023-12-27
2923.90.40,29,,si,si,2022-08-25,2023-12-27
2929.10.21,29,,si,si,2022-08-25,2023-12-27
3102.30.00,31,,si,si,2022-08-25,2023-12-27
3105.59.00,31,,si,si,2022-08-25,2023-12-27
3207.20.10,32,,si,si,2022-08-25,2023-12-27
3207.20.99,32,,si,si,2022-08-25,2023-12-27
3207.30.00,32,,si,si,2022-08-25,2023-12-27
3304.10.00,33,,si,si,2022-08-25,2023-12-27
3304.99.10,33,,si,si,2022-08-25,2023-12-27
3304.99.90,33,,si,si,2022-08-25,2023-12-27
3305.10.00,33,,si,si,2022-08-25,2023-12-27
3305.20.00,33,,si,si,2022-08-25,2023-12-27
3305.30.00,33,,si,si,2022-08-25,2023-12-27
3305.90.00,33,,si,si,2022-08-25,2023-12-27
3306.10.00,33,,si,si,2022-08-25,2023-12-27
3306.90.00,33,,si,si,2022-08-25,2023-12-27
3307.20.10,33,,si,si,2022-08-25,2023-12-27
3307.20.90,33,,si,si,2022-08-25,2023-12-27
3307.49.00,33,,si,si,2022-08-25,2023-12-27
3401.11.90,34,,si,si,2022-08-25,2023-12-27
3401.19.00,34,,si,si,2022-08-25,2023-12-27
3401.20.10,34,,si,si,2022-08-25,2023-12-27
3401.20.90,34,,si,si,2022-08-25,2023-12-27
3401.30.00,34,,si,si,2022-08-25,2023-12-27
3402.20.00,34,,si,si,2022-08-25,2023-12-27
3402.90.31,34,,si,si,2022-08-25,2023-12-27
3402.90.39,34,,si,si,2022-08-25,2023-12-27
3402.90.90,34,,si,si,2022-08-25,2023-12-27
3406.00.00,34,,si,si,2022-08-25,2023-12-27
3407.20.00,34,,si,no,2022-08-25,2022-10-04
3502.11.00,35,,no,si,2022-10-04,2023-12-27
3506.91.20,35,,si,si,2022-08-25,2023-12-27
3506.91.90,35,,si,si,2022-08-25,2023-12-27
3601.00.00,36,,si,si,2022-08-25,2023-12-27
3602.00.00,36,,no,si,2022-10-04,2023-12-27
3602.11.00,36,,si,no,2022-08-25,2022-10-04
3808.91.95,38,,si,si,2022-08-25,2023-12-27
3808.91.99,38,,no,si,2022-10-04,2023-12-27
3808.92.91,38,,si,si,2022-08-25,2023-12-27
3808.92.96,38,,si,si,2022-08-25,2023-12-27
3808.92.99,38,,no,si,2022-10-04,2023-12-27
3808.93.22,38,,no,si,2022-10-04,2023-12-27
3808.93.23,38,,si,si,2022-08-25,2023-12-27
3808.93.24,38,,si,si,2022-08-25,2023-12-27
3808.93.27,38,,si,si,2022-08-25,2023-12-27
3808.93.29,38,,no,si,2022-10-04,2023-12-27
3808.93.52,38,,si,si,2022-08-25,2023-12-27
3808.99.94,38,,si,si,2022-08-25,2023-12-27
3812.39.29,38,,si,si,2022-08-25,2023-12-27
3824.78.10,38,,si,si,2022-08-25,2023-12-27
3907.91.00,39,,si,si,2022-08-25,2023-12-27
3917.21.00,39,,si,si,2022-08-25,2023-12-27
3917.22.00,39,,si,si,2022-08-25,2023-12-27
3917.23.00,39,,si,si,2022-08-25,2023-12-27
3917.32.10,39,,si,si,2022-08-25,2023-12-27
3917.40.90,39,,no,si,2022-10-04,2023-12-27
3918.10.00,39,,si,si,2022-08-25,2023-12-27
3919.10.10,39,,no,si,2022-10-04,2023-12-27
3919.10.20,39,,si,si,2022-08-25,2023-12-27
3919.10.90,39,,no,si,2022-10-04,2023-12-27
3919.90.10,39,,no,si,2022-10-04,2023-12-27
3920.20.19,39,,no,si,2022-10-04,2023-12-27
3920.20.90,39,,si,si,2022-08-25,2023-12-27
3920.30.00,39,,si,si,2022-08-25,2023-12-27
3920.51.00,39,,si,si,2022-08-25,2023-12-27
3921.19.00,39,,si,si,2022-08-25,2023-12-27
3922.10.00,39,,si,si,2022-08-25,2023-12-27
3922.20.00,39,,si,si,2022-08-25,2023-12-27
3923.21.90,39,,si,si,2022-08-25,2023-12-27
3923.29.10,39,,si,si,2022-08-25,2023-12-27
3923.29.90,39,,si,si,2022-08-25,2023-12-27
3923.30.00,39,,si,si,2022-08-25,2023-12-27
3923.50.00,39,,si,si,2022-08-25,2023-12-27
3923.90.00,39,,si,si,2022-08-25,2023-12-27
3924.10.00,39,,si,si,2022-08-25,2023-12-27
3924.90.00,39,,si,si,2022-08-25,2023-12-27
3926.90.90,39,,si,si,2022-08-25,2023-12-27
4002.19.19,40,,si,si,2022-08-25,2023-12-27
4005.91.10,40,,si,si,2022-08-25,2023-12-27
4005.99.10,40,,si,si,2022-08-25,2023-12-27
4009.22.90,40,,si,si,2022-08-25,2023-12-27
4010.12.00,40,,si,si,2022-08-25,2023-12-27
4010.31.00,40,,si,si,2022-08-25,2023-12-27
4010.32.00,40,,si,si,2022-08-25,2023-12-27
4010.33.00,40,,si,si,2022-08-25,2023-12-27
4010.34.00,40,,si,si,2022-08-25,2023-12-27
4010.39.00,40,,si,si,2022-08-25,2023-12-27
4011.10.00,40,,si,si,2022-08-25,2023-12-27
4011.20.90,40,,si,si,2022-08-25,2023-12-27
4011.40.00,40,,si,si,2022-08-25,2023-12-27
4011.50.00,40,,si,si,2022-08-25,2023-12-27
4011.70.10,40,,si,si,2022-08-25,2023-12-27
4011.70.90,40,,si,si,2022-08-25,2023-12-27
4011.80.90,40,,si,si,2022-08-25,2023-12-27
4013.20.00,40,,si,si,2022-08-25,2023-12-27
4016.93.00,40,,si,si,2022-08-25,2023-12-27
4016.99.90,40,,si,si,2022-08-25,2023-12-27
4201.00.10,42,,no,si,2022-10-04,2023-12-27
4201.00.90,42,,si,si,2022-08-25,2023-12-27
4202.11.00,42,,no,si,2022-10-04,2023-12-27
4202.12.10,42,,si,si,2022-08-25,2023-12-27
4202.12.20,42,,si,si,2022-08-25,2023-12-27
4202.19.00,42,,si,si,2022-08-25,2023-12-27
4202.21.00,42,,si,si,2022-08-25,2023-12-27
4202.22.10,42,,si,si,2022-08-25,2023-12-27
4202.22.20,42,,si,si,2022-08-25,2023-12-27
4202.29.00,42,,no,si,2022-10-04,2023-12-27
4202.31.00,42,,no,si,2022-10-04,2023-12-27
4202.32.00,42,,si,si,2022-08-25,2023-12-27
4202.39.00,42,,si,si,2022-08-25,2023-12-27
4202.91.00,42,,no,si,2022-10-04,2023-12-27
4202.92.00,42,,si,si,2022-08-25,2023-12-27
4202.99.00,42,,si,si,2022-08-25,2023-12-27
4203.10.00,42,,si,si,2022-08-25,2023-12-27
4203.21.00,42,,si,si,2022-08-25,2023-12-27
4203.29.00,42,,si,si,2022-08-25,2023-12-27
4203.30.00,42,,si,si,2022-08-25,2023-12-27
4203.40.00,42,,no,si,2022-10-04,2023-12-27
4205.00.00,42,,no,si,2022-10-04,2023-12-27
4206.00.00,42,,no,si,2022-10-04,2023-12-27
4303.10.00,43,,no,si,2022-10-04,2023-12-27
4303.90.00,43,,no,si,2022-10-04,2023-12-27
4304.00.00,43,,no,si,2022-10-04,2023-12-27
4409.21.00,44,,si,si,2022-08-25,2023-12-27
4409.22.00,44,,si,si,2022-08-25,2023-12-27
4409.29.00,44,,si,si,2022-08-25,2023-12-27
4410.11.10,44,,si,si,2022-08-25,2023-12-27
4410.11.21,44,,si,si,2022-08-25,2023-12-27
4410.11.29,44,,si,si,2022-08-25,2023-12-27
4411.12.10,44,,si,si,2022-08-25,2023-12-27
4411.13.10,44,,si,si,2022-08-25,2023-12-27
4411.13.91,44,,si,si,2022-08-25,2023-12-27
4411.13.99,44,,si,si,2022-08-25,2023-12-27
4411.14.10,44,,si,si,2022-08-25,2023-12-27
4411.14.90,44,,si,si,2022-08-25,2023-12-27
4411.92.90,44,,si,si,2022-08-25,2023-12-27
4412.31.00,44,,si,si,2022-08-25,2023-12-27
4412.33.00,44,,si,si,2022-08-25,2023-12-27
4412.34.00,44,,si,si,2022-08-25,2023-12-27
4412.39.00,44,,si,si,2022-08-25,2023-12-27
4414.00.00,44,,no,si,2022-10-04,2023-12-27
4415.10.00,44,,no,si,2022-10-04,2023-12-27
4415.20.00,44,,no,si,2022-10-04,2023-12-27
4416.00.10,44,,no,si,2022-10-04,2023-12-27
4416.00.90,44,,no,si,2022-10-04,2023-12-27
4417.00.10,44,,no,si,2022-10-04,2023-12-27
4417.00.20,44,,no,si,2022-10-04,2023-12-27
4417.00.90,44,,no,si,2022-10-04,2023-12-27
4418.10.00,44,,no,si,2022-10-04,2023-12-27
4418.20.00,44,,si,si,2022-08-25,2023-12-27
4418.40.00,44,,no,si,2022-10-04,2023-12-27
4418.50.00,44,,no,si,2022-10-04,2023-12-27
4418.60.00,44,,no,si,2022-10-04,2023-12-27
4418.73.00,44,,no,si,2022-10-04,2023-12-27
4418.74.00,44,,no,si,2022-10-04,2023-12-27
4418.75.00,44,,si,si,2022-08-25,2023-12-27
4418.79.00,44,,no,si,2022-10-04,2023-12-27
4418.91.00,44,,no,si,2022-10-04,2023-12-27
4418.99.00,44,,no,si,2022-10-04,2023-12-27
4419.11.00,44,,no,si,2022-10-04,2023-12-27
4419.12.00,44,,no,si,2022-10-04,2023-12-27
4419.19.00,44,,no,si,2022-10-04,2023-12-27
4419.90.00,44,,no,si,2022-10-04,2023-12-27
4420.10.00,44,,no,si,2022-10-04,2023-12-27
4420.90.00,44,,no,si,2022-10-04,2023-12-27
4421.10.00,44,,no,si,2022-10-04,2023-12-27
4421.91.00,44,,no,si,2022-10-04,2023-12-27
4421.99.00,44,,no,si,2022-10-04,2023-12-27
4703.21.00,47,,si,si,2022-08-25,2023-12-27
4801.00.20,48,,no,si,2022-10-04,2023-12-27
4801.00.30,48,,no,si,2022-10-04,2023-12-27
4801.00.90,48,,no,si,2022-10-04,2023-12-27
4802.10.00,48,,no,si,2022-10-04,2023-12-27
4802.20.10,48,,no,si,2022-10-04,2023-12-27
4802.20.90,48,,no,si,2022-10-04,2023-12-27
4802.40.10,48,,no,si,2022-10-04,2023-12-27
4802.40.90,48,,no,si,2022-10-04,2023-12-27
4802.54.10,48,,no,si,2022-10-04,2023-12-27
4802.54.91,48,,no,si,2022-10-04,2023-12-27
4802.54.99,48,,no,si,2022-10-04,2023-12-27
4802.55.10,48,,no,si,2022-10-04,2023-12-27
4802.55.91,48,,no,si,2022-10-04,2023-12-27
4802.55.92,48,,si,si,2022-08-25,2023-12-27
4802.55.99,48,,si,si,2022-08-25,2023-12-27
4802.56.10,48,,si,si,2022-08-25,2023-12-27
4802.56.91,48,,no,si,2022-10-04,2023-12-27
4802.56.92,48,,no,si,2022-10-04,2023-12-27
4802.56.93,48,,no,si,2022-10-04,2023-12-27
4802.56.99,48,,no,si,2022-10-04,2023-12-27
4802.57.10,48,,no,si,2022-10-04,2023-12-27
4802.57.91,48,,no,si,2022-10-04,2023-12-27
4802.57.92,48,,no,si,2022-10-04,2023-12-27
4802.57.93,48,,si,si,2022-08-25,2023-12-27
4802.57.99,48,,no,si,2022-10-04,2023-12-27
4802.58.10,48,,no,si,2022-10-04,2023-12-27
4802.58.91,48,,no,si,2022-10-04,2023-12-27
4802.58.92,48,,no,si,2022-10-04,2023-12-27
4802.58.99,48,,no,si,2022-10-04,2023-12-27
4802.61.10,48,,no,si,2022-10-04,2023-12-27
4802.61.91,48,,no,si,2022-10-04,2023-12-27
4802.61.92,48,,no,si,2022-10-04,2023-12-27
4802.61.99,48,,no,si,2022-10-04,2023-12-27
4802.62.10,48,,no,si,2022-10-04,2023-12-27
4802.62.91,48,,no,si,2022-10-04,2023-12-27
4802.62.92,48,,no,si,2022-10-04,2023-12-27
4802.62.99,48,,no,si,2022-10-04,2023-12-27
4802.69.10,48,,no,si,2022-10-04,2023-12-27
4802.69.91,48,,no,si,2022-10-04,2023-12-27
4802.69.92,48,,no,si,2022-10-04,2023-12-27
4802.69.99,48,,no,si,2022-10-04,2023-12-27
4803.00.10,48,,no,si,2022-10-04,2023-12-27
4803.00.90,48,,no,si,2022-10-04,2023-12-27
4804.11.00,48,,si,si,2022-08-25,2023-12-27
4804.19.00,48,,no,si,2022-10-04,2023-12-27
4804.21.00,48,,si,si,2022-08-25,2023-12-27
4804.29.00,48,,no,si,2022-10-04,2023-12-27
4804.31.10,48,,no,si,2022-10-04,2023-12-27
4804.31.90,48,,no,si,2022-10-04,2023-12-27
4804.39.10,48,,no,si,2022-10-04,2023-12-27
4804.39.90,48,,no,si,2022-10-04,2023-12-27
4804.41.00,48,,no,si,2022-10-04,2023-12-27
4804.42.00,48,,no,si,2022-10-04,2023-12-27
4804.49.00,48,,no,si,2022-10-04,2023-12-27
4804.51.00,48,,no,si,2022-10-04,2023-12-27
4804.52.00,48,,no,si,2022-10-04,2023-12-27
4804.59.10,48,,no,si,2022-10-04,2023-12-27
4804.59.90,48,,no,si,2022-10-04,2023-12-27
4805.11.00,48,,no,si,2022-10-04,2023-12-27
4805.12.00,48,,no,si,2022-10-04,2023-12-27
4805.19.00,48,,si,si,2022-08-25,2023-12-27
4805.24.00,48,,si,si,2022-08-25,2023-12-27
4805.25.00,48,,si,si,2022-08-25,2023-12-27
4805.30.00,48,,no,si,2022-10-04,2023-12-27
4805.40.10,48,,no,si,2022-10-04,2023-12-27
4805.40.90,48,,no,si,2022-10-04,2023-12-27
4805.50.00,48,,no,si,2022-10-04,2023-12-27
4805.91.00,48,,si,si,2022-08-25,2023-12-27
4805.92.10,48,,no,si,2022-10-04,2023-12-27
4805.92.90,48,,no,si,2022-10-04,2023-12-27
4805.93.00,48,,si,si,2022-08-25,2023-12-27
4806.10.00,48,,no,si,2022-10-04,2023-12-27
4806.20.00,48,,no,si,2022-10-04,2023-12-27
4806.30.00,48,,no,si,2022-10-04,2023-12-27
4806.40.00,48,,no,si,2022-10-04,2023-12-27
4807.00.00,48,,si,si,2022-08-25,2023-12-27
4808.10.00,48,,no,si,2022-10-04,2023-12-27
4808.40.00,48,,no,si,2022-10-04,2023-12-27
4808.90.00,48,,no,si,2022-10-04,2023-12-27
4809.20.00,48,,no,si,2022-10-04,2023-12-27
4809.90.00,48,,no,si,2022-10-04,2023-12-27
4810.13.10,48,,no,si,2022-10-04,2023-12-27
4810.13.81,48,,no,si,2022-10-04,2023-12-27
4810.13.82,48,,no,si,2022-10-04,2023-12-27
4810.13.89,48,,no,si,2022-10-04,2023-12-27
4810.13.91,48,,no,si,2022-10-04,2023-12-27
4810.13.99,48,,no,si,2022-10-04,2023-12-27
4810.14.10,48,,no,si,2022-10-04,2023-12-27
4810.14.81,48,,no,si,2022-10-04,2023-12-27
4810.14.82,48,,no,si,2022-10-04,2023-12-27
4810.14.89,48,,no,si,2022-10-04,2023-12-27
4810.14.90,48,,no,si,2022-10-04,2023-12-27
4810.19.10,48,,no,si,2022-10-04,2023-12-27
4810.19.81,48,,no,si,2022-10-04,2023-12-27
4810.19.82,48,,no,si,2022-10-04,2023-12-27
4810.19.89,48,,no,si,2022-10-04,2023-12-27
4810.19.91,48,,no,si,2022-10-04,2023-12-27
4810.19.99,48,,no,si,2022-10-04,2023-12-27
4810.22.10,48,,no,si,2022-10-04,2023-12-27
4810.22.90,48,,no,si,2022-10-04,2023-12-27
4810.29.10,48,,no,si,2022-10-04,2023-12-27
4810.29.90,48,,no,si,2022-10-04,2023-12-27
4810.31.10,48,,no,si,2022-10-04,2023-12-27
4810.31.90,48,,no,si,2022-10-04,2023-12-27
4810.32.10,48,,no,si,2022-10-04,2023-12-27
4810.32.90,48,,no,si,2022-10-04,2023-12-27
4810.39.10,48,,no,si,2022-10-04,2023-12-27
4810.39.90,48,,no,si,2022-10-04,2023-12-27
4810.92.10,48,,no,si,2022-10-04,2023-12-27
4810.92.90,48,,si,si,2022-08-25,2023-12-27
4810.99.10,48,,no,si,2022-10-04,2023-12-27
4810.99.90,48,,no,si,2022-10-04,2023-12-27
4811.10.10,48,,no,si,2022-10-04,2023-12-27
4811.10.90,48,,no,si,2022-10-04,2023-12-27
4811.41.10,48,,no,si,2022-10-04,2023-12-27
4811.41.90,48,,no,si,2022-10-04,2023-12-27
4811.49.10,48,,no,si,2022-10-04,2023-12-27
4811.49.90,48,,no,si,2022-10-04,2023-12-27
4811.51.10,48,,no,si,2022-10-04,2023-12-27
4811.51.21,48,,no,si,2022-10-04,2023-12-27
4811.51.22,48,,no,si,2022-10-04,2023-12-27
4811.51.23,48,,no,si,2022-10-04,2023-12-27
4811.51.28,48,,no,si,2022-10-04,2023-12-27
4811.51.29,48,,no,si,2022-10-04,2023-12-27
4811.51.30,48,,no,si,2022-10-04,2023-12-27
4811.59.10,48,,no,si,2022-10-04,2023-12-27
4811.59.21,48,,no,si,2022-10-04,2023-12-27
4811.59.22,48,,no,si,2022-10-04,2023-12-27
4811.59.23,48,,no,si,2022-10-04,2023-12-27
4811.59.29,48,,no,si,2022-10-04,2023-12-27
4811.59.30,48,,no,si,2022-10-04,2023-12-27
4811.60.10,48,,no,si,2022-10-04,2023-12-27
4811.60.90,48,,no,si,2022-10-04,2023-12-27
4811.90.10,48,,no,si,2022-10-04,2023-12-27
4811.90.90,48,,no,si,2022-10-04,2023-12-27
4812.00.00,48,,no,si,2022-10-04,2023-12-27
4813.10.00,48,,no,si,2022-10-04,2023-12-27
4813.20.00,48,,no,si,2022-10-04,2023-12-27
4813.90.00,48,,no,si,2022-10-04,2023-12-27
4814.20.00,48,,no,si,2022-10-04,2023-12-27
4814.90.00,48,,no,si,2022-10-04,2023-12-27
4816.20.00,48,,no,si,2022-10-04,2023-12-27
4816.90.10,48,,no,si,2022-10-04,2023-12-27
4816.90.90,48,,no,si,2022-10-04,2023-12-27
4817.10.00,48,,no,si,2022-10-04,2023-12-27
4817.20.00,48,,no,si,2022-10-04,2023-12-27
4817.30.00,48,,no,si,2022-10-04,2023-12-27
4818.10.00,48,,no,si,2022-10-04,2023-12-27
4818.20.00,48,,no,si,2022-10-04,2023-12-27
4818.30.00,48,,no,si,2022-10-04,2023-12-27
4818.50.00,48,,no,si,2022-10-04,2023-12-27
4818.90.10,48,,no,si,2022-10-04,2023-12-27
4818.90.90,48,,no,si,2022-10-04,2023-12-27
4819.10.00,48,,no,si,2022-10-04,2023-12-27
4819.20.00,48,,si,si,2022-08-25,2023-12-27
4819.30.00,48,,si,si,2022-08-25,2023-12-27
4819.40.00,48,,no,si,2022-10-04,2023-12-27
4819.50.00,48,,no,si,2022-10-04,2023-12-27
4819.60.00,48,,no,si,2022-10-04,2023-12-27
4820.10.00,48,,si,si,2022-08-25,2023-12-27
4820.20.00,48,,si,si,2022-08-25,2023-12-27
4820.30.00,48,,si,si,2022-08-25,2023-12-27
4820.40.00,48,,no,si,2022-10-04,2023-12-27
4820.50.00,48,,no,si,2022-10-04,2023-12-27
4820.90.00,48,,no,si,2022-10-04,2023-12-27
4821.10.00,48,,si,si,2022-08-25,2023-12-27
4821.90.00,48,,no,si,2022-10-04,2023-12-27
4822.10.00,48,,no,si,2022-10-04,2023-12-27
4822.90.00,48,,no,si,2022-10-04,2023-12-27
4823.20.10,48,,no,si,2022-10-04,2023-12-27
4823.20.91,48,,no,si,2022-10-04,2023-12-27
4823.20.99,48,,no,si,2022-10-04,2023-12-27
4823.40.00,48,,no,si,2022-10-04,2023-12-27
4823.61.00,48,,no,si,2022-10-04,2023-12-27
4823.69.00,48,,no,si,2022-10-04,2023-12-27
4823.70.00,48,,no,si,2022-10-04,2023-12-27
4823.90.10,48,,no,si,2022-10-04,2023-12-27
4823.90.20,48,,no,si,2022-10-04,2023-12-27
4823.90.91,48,,no,si,2022-10-04,2023-12-27
4823.90.99,48,,si,si,2022-08-25,2023-12-27
4901.10.00,49,,si,si,2022-08-25,2023-12-27
4901.91.00,49,,no,si,2022-10-04,2023-12-27
4901.99.00,49,,si,si,2022-08-25,2023-12-27
4902.10.00,49,,no,si,2022-10-04,2023-12-27
4902.90.00,49,,si,si,2022-08-25,2023-12-27
4903.00.00,49,,si,si,2022-08-25,2023-12-27
4904.00.00,49,,no,si,2022-10-04,2023-12-27
4905.10.00,49,,no,si,2022-10-04,2023-12-27
4905.91.00,49,,no,si,2022-10-04,2023-12-27
4905.99.00,49,,no,si,2022-10-04,2023-12-27
4906.00.00,49,,no,si,2022-10-04,2023-12-27
4907.00.10,49,,no,si,2022-10-04,2023-12-27
4907.00.20,49,,no,si,2022-10-04,2023-12-27
4907.00.30,49,,no,si,2022-10-04,2023-12-27
4907.00.90,49,,no,si,2022-10-04,2023-12-27
4908.10.00,49,,no,si,2022-10-04,2023-12-27
4908.90.00,49,,si,si,2022-08-25,2023-12-27
4909.00.00,49,,no,si,2022-10-04,2023-12-27
4910.00.00,49,,si,si,2022-08-25,2023-12-27
4911.10.10,49,,no,si,2022-10-04,2023-12-27
4911.10.90,49,,si,si,2022-08-25,2023-12-27
4911.91.00,49,,si,si,2022-08-25,2023-12-27
4911.99.00,49,,si,si,2022-08-25,2023-12-27
5004.00.00,50,,no,si,2022-10-04,2023-12-27
5005.00.00,50,,no,si,2022-10-04,2023-12-27
5006.00.00,50,,no,si,2022-10-04,2023-12-27
5007.10.10,50,,no,si,2022-10-04,2023-12-27
5007.10.90,50,,no,si,2022-10-04,2023-12-27
5007.20.10,50,,no,si,2022-10-04,2023-12-27
5007.20.90,50,,no,si,2022-10-04,2023-12-27
5007.90.00,50,,no,si,2022-10-04,2023-12-27
5101.21.00,51,,no,si,2022-10-04,2023-12-27
5101.29.00,51,,no,si,2022-10-04,2023-12-27
5101.30.00,51,,no,si,2022-10-04,2023-12-27
5102.11.00,51,,no,si,2022-10-04,2023-12-27
5102.19.00,51,,no,si,2022-10-04,2023-12-27
5102.20.00,51,,no,si,2022-10-04,2023-12-27
5103.10.00,51,,no,si,2022-10-04,2023-12-27
5103.20.00,51,,no,si,2022-10-04,2023-12-27
5103.30.00,51,,no,si,2022-10-04,2023-12-27
5104.00.00,51,,no,si,2022-10-04,2023-12-27
5105.10.00,51,,no,si,2022-10-04,2023-12-27
5105.21.00,51,,no,si,2022-10-04,2023-12-27
5105.29.10,51,,no,si,2022-10-04,2023-12-27
5105.29.91,51,,no,si,2022-10-04,2023-12-27
5105.29.99,51,,no,si,2022-10-04,2023-12-27
5105.31.00,51,,no,si,2022-10-04,2023-12-27
5105.39.00,51,,no,si,2022-10-04,2023-12-27
5105.40.00,51,,no,si,2022-10-04,2023-12-27
5106.10.00,51,,no,si,2022-10-04,2023-12-27
5106.20.00,51,,no,si,2022-10-04,2023-12-27
5107.10.11,51,,no,si,2022-10-04,2023-12-27
5107.10.19,51,,no,si,2022-10-04,2023-12-27
5107.10.90,51,,no,si,2022-10-04,2023-12-27
5107.20.00,51,,no,si,2022-10-04,2023-12-27
5108.10.00,51,,no,si,2022-10-04,2023-12-27
5108.20.00,51,,no,si,2022-10-04,2023-12-27
5109.10.00,51,,no,si,2022-10-04,2023-12-27
5109.90.00,51,,no,si,2022-10-04,2023-12-27
5110.00.00,51,,no,si,2022-10-04,2023-12-27
5111.11.10,51,,si,si,2022-08-25,2023-12-27
5111.11.20,51,,si,si,2022-08-25,2023-12-27
5111.19.00,51,,si,si,2022-08-25,2023-12-27
5111.20.00,51,,si,si,2022-08-25,2023-12-27
5111.30.10,51,,no,si,2022-10-04,2023-12-27
5111.30.90,51,,si,si,2022-08-25,2023-12-27
5111.90.00,51,,si,si,2022-08-25,2023-12-27
5112.11.00,51,,si,si,2022-08-25,2023-12-27
5112.19.10,51,,si,si,2022-08-25,2023-12-27
5112.19.20,51,,si,si,2022-08-25,2023-12-27
5112.20.10,51,,si,si,2022-08-25,2023-12-27
5112.20.20,51,,si,si,2022-08-25,2023-12-27
5112.30.10,51,,si,si,2022-08-25,2023-12-27
5112.30.20,51,,no,si,2022-10-04,2023-12-27
5112.90.00,51,,si,si,2022-08-25,2023-12-27
5113.00.11,51,,no,si,2022-10-04,2023-12-27
5113.00.12,51,,no,si,2022-10-04,2023-12-27
5113.00.13,51,,no,si,2022-10-04,2023-12-27
5113.00.20,51,,no,si,2022-10-04,2023-12-27
5201.00.10,52,,no,si,2022-10-04,2023-12-27
5201.00.20,52,,si,si,2022-08-25,2023-12-27
5201.00.90,52,,no,si,2022-10-04,2023-12-27
5204.11.11,52,,no,si,2022-10-04,2023-12-27
5204.11.12,52,,no,si,2022-10-04,2023-12-27
5204.11.20,52,,no,si,2022-10-04,2023-12-27
5204.11.31,52,,no,si,2022-10-04,2023-12-27
5204.11.32,52,,no,si,2022-10-04,2023-12-27
5204.11.40,52,,no,si,2022-10-04,2023-12-27
5204.19.11,52,,no,si,2022-10-04,2023-12-27
5204.19.12,52,,no,si,2022-10-04,2023-12-27
5204.19.20,52,,no,si,2022-10-04,2023-12-27
5204.19.31,52,,no,si,2022-10-04,2023-12-27
5204.19.32,52,,no,si,2022-10-04,2023-12-27
5204.19.40,52,,no,si,2022-10-04,2023-12-27
5204.20.00,52,,no,si,2022-10-04,2023-12-27
5205.11.00,52,,si,si,2022-08-25,2023-12-27
5205.12.00,52,,si,si,2022-08-25,2023-12-27
5205.13.10,52,,si,si,2022-08-25,2023-12-27
5205.13.90,52,,no,si,2022-10-04,2023-12-27
5205.14.00,52,,no,si,2022-10-04,2023-12-27
5205.15.00,52,,no,si,2022-10-04,2023-12-27
5205.21.00,52,,no,si,2022-10-04,2023-12-27
5205.22.00,52,,si,si,2022-08-25,2023-12-27
5205.23.10,52,,si,si,2022-08-25,2023-12-27
5205.23.90,52,,si,si,2022-08-25,2023-12-27
5205.24.00,52,,si,si,2022-08-25,2023-12-27
5205.26.00,52,,no,si,2022-10-04,2023-12-27
5205.27.00,52,,no,si,2022-10-04,2023-12-27
5205.28.00,52,,no,si,2022-10-04,2023-12-27
5205.31.00,52,,no,si,2022-10-04,2023-12-27
5205.32.00,52,,no,si,2022-10-04,2023-12-27
5205.33.00,52,,no,si,2022-10-04,2023-12-27
5205.34.00,52,,no,si,2022-10-04,2023-12-27
5205.35.00,52,,no,si,2022-10-04,2023-12-27
5205.41.00,52,,no,si,2022-10-04,2023-12-27
5205.42.00,52,,no,si,2022-10-04,2023-12-27
5205.43.00,52,,no,si,2022-10-04,2023-12-27
5205.44.00,52,,no,si,2022-10-04,2023-12-27
5205.46.00,52,,no,si,2022-10-04,2023-12-27
5205.47.00,52,,no,si,2022-10-04,2023-12-27
5205.48.00,52,,no,si,2022-10-04,2023-12-27
5206.11.00,52,,no,si,2022-10-04,2023-12-27
5206.12.00,52,,no,si,2022-10-04,2023-12-27
5206.13.00,52,,no,si,2022-10-04,2023-12-27
5206.14.00,52,,no,si,2022-10-04,2023-12-27
5206.15.00,52,,no,si,2022-10-04,2023-12-27
5206.21.00,52,,no,si,2022-10-04,2023-12-27
5206.22.00,52,,no,si,2022-10-04,2023-12-27
5206.23.00,52,,no,si,2022-10-04,2023-12-27
5206.24.00,52,,si,si,2022-08-25,2023-12-27
5206.25.00,52,,no,si,2022-10-04,2023-12-27
5206.31.00,52,,no,si,2022-10-04,2023-12-27
5206.32.00,52,,no,si,2022-10-04,2023-12-27
5206.33.00,52,,no,si,2022-10-04,2023-12-27
5206.34.00,52,,no,si,2022-10-04,2023-12-27
5206.35.00,52,,no,si,2022-10-04,2023-12-27
5206.41.00,52,,no,si,2022-10-04,2023-12-27
5206.42.00,52,,no,si,2022-10-04,2023-12-27
5206.43.00,52,,no,si,2022-10-04,2023-12-27
5206.44.00,52,,no,si,2022-10-04,2023-12-27
5206.45.00,52,,no,si,2022-10-04,2023-12-27
5207.10.00,52,,no,si,2022-10-04,2023-12-27
5207.90.00,52,,no,si,2022-10-04,2023-12-27
5208.11.00,52,,no,si,2022-10-04,2023-12-27
5208.12.00,52,,si,si,2022-08-25,2023-12-27
5208.13.00,52,,si,si,2022-08-25,2023-12-27
5208.19.00,52,,si,si,2022-08-25,2023-12-27
5208.21.00,52,,si,si,2022-08-25,2023-12-27
5208.22.00,52,,si,si,2022-08-25,2023-12-27
5208.23.00,52,,si,si,2022-08-25,2023-12-27
5208.29.00,52,,si,si,2022-08-25,2023-12-27
5208.31.00,52,,si,si,2022-08-25,2023-12-27
5208.32.00,52,,si,si,2022-08-25,2023-12-27
5208.33.00,52,,si,si,2022-08-25,2023-12-27
5208.39.00,52,,si,si,2022-08-25,2023-12-27
5208.41.00,52,,si,si,2022-08-25,2023-12-27
5208.42.00,52,,si,si,2022-08-25,2023-12-27
5208.43.00,52,,si,si,2022-08-25,2023-12-27
5208.49.00,52,,si,si,2022-08-25,2023-12-27
5208.51.00,52,,si,si,2022-08-25,2023-12-27
5208.52.00,52,,si,si,2022-08-25,2023-12-27
5208.59.10,52,,si,si,2022-08-25,2023-12-27
5208.59.90,52,,si,si,2022-08-25,2023-12-27
5209.11.00,52,,si,si,2022-08-25,2023-12-27
5209.12.00,52,,si,si,2022-08-25,2023-12-27
5209.19.00,52,,si,si,2022-08-25,2023-12-27
5209.21.00,52,,si,si,2022-08-25,2023-12-27
5209.22.00,52,,si,si,2022-08-25,2023-12-27
5209.29.00,52,,si,si,2022-08-25,2023-12-27
5209.31.00,52,,si,si,2022-08-25,2023-12-27
5209.32.00,52,,si,si,2022-08-25,2023-12-27
5209.39.00,52,,si,si,2022-08-25,2023-12-27
5209.41.00,52,,si,si,2022-08-25,2023-12-27
5209.42.10,52,,si,si,2022-08-25,2023-12-27
5209.42.90,52,,si,si,2022-08-25,2023-12-27
5209.43.00,52,,si,si,2022-08-25,2023-12-27
5209.49.00,52,,si,si,2022-08-25,2023-12-27
5209.51.00,52,,si,si,2022-08-25,2023-12-27
5209.52.00,52,,si,si,2022-08-25,2023-12-27
5209.59.00,52,,si,si,2022-08-25,2023-12-27
5210.11.00,52,,si,si,2022-08-25,2023-12-27
5210.19.10,52,,si,si,2022-08-25,2023-12-27
5210.19.90,52,,si,si,2022-08-25,2023-12-27
5210.21.00,52,,si,si,2022-08-25,2023-12-27
5210.29.10,52,,si,si,2022-08-25,2023-12-27
5210.29.90,52,,si,si,2022-08-25,2023-12-27
5210.31.00,52,,si,si,2022-08-25,2023-12-27
5210.32.00,52,,si,si,2022-08-25,2023-12-27
5210.39.00,52,,si,si,2022-08-25,2023-12-27
5210.41.00,52,,si,si,2022-08-25,2023-12-27
5210.49.10,52,,si,si,2022-08-25,2023-12-27
5210.49.90,52,,si,si,2022-08-25,2023-12-27
5210.51.00,52,,si,si,2022-08-25,2023-12-27
5210.59.10,52,,si,si,2022-08-25,2023-12-27
5210.59.90,52,,si,si,2022-08-25,2023-12-27
5211.11.00,52,,si,si,2022-08-25,2023-12-27
5211.12.00,52,,si,si,2022-08-25,2023-12-27
5211.19.00,52,,si,si,2022-08-25,2023-12-27
5211.20.10,52,,si,si,2022-08-25,2023-12-27
5211.20.20,52,,si,si,2022-08-25,2023-12-27
5211.20.90,52,,si,si,2022-08-25,2023-12-27
5211.31.00,52,,si,si,2022-08-25,2023-12-27
5211.32.00,52,,si,si,2022-08-25,2023-12-27
5211.39.00,52,,si,si,2022-08-25,2023-12-27
5211.41.00,52,,si,si,2022-08-25,2023-12-27
5211.42.10,52,,si,si,2022-08-25,2023-12-27
5211.42.90,52,,si,si,2022-08-25,2023-12-27
5211.43.00,52,,si,si,2022-08-25,2023-12-27
5211.49.00,52,,si,si,2022-08-25,2023-12-27
5211.51.00,52,,si,si,2022-08-25,2023-12-27
5211.52.00,52,,si,si,2022-08-25,2023-12-27
5211.59.00,52,,si,si,2022-08-25,2023-12-27
5212.11.00,52,,si,si,2022-08-25,2023-12-27
5212.12.00,52,,si,si,2022-08-25,2023-12-27
5212.13.00,52,,si,si,2022-08-25,2023-12-27
5212.14.00,52,,si,si,2022-08-25,2023-12-27
5212.15.00,52,,si,si,2022-08-25,2023-12-27
5212.21.00,52,,si,si,2022-08-25,2023-12-27
5212.22.00,52,,si,si,2022-08-25,2023-12-27
5212.23.00,52,,si,si,2022-08-25,2023-12-27
5212.24.00,52,,si,si,2022-08-25,2023-12-27
5212.25.00,52,,si,si,2022-08-25,2023-12-27
5306.10.00,53,,no,si,2022-10-04,2023-12-27
5306.20.00,53,,no,si,2022-10-04,2023-12-27
5307.10.10,53,,no,si,2022-10-04,2023-12-27
5307.10.90,53,,no,si,2022-10-04,2023-12-27
5307.20.10,53,,no,si,2022-10-04,2023-12-27
5307.20.90,53,,no,si,2022-10-04,2023-12-27
5308.10.00,53,,no,si,2022-10-04,2023-12-27
5308.20.00,53,,no,si,2022-10-04,2023-12-27
5308.90.00,53,,no,si,2022-10-04,2023-12-27
5309.11.00,53,,no,si,2022-10-04,2023-12-27
5309.19.00,53,,no,si,2022-10-04,2023-12-27
5309.21.00,53,,no,si,2022-10-04,2023-12-27
5309.29.00,53,,no,si,2022-10-04,2023-12-27
5310.10.10,53,,no,si,2022-10-04,2023-12-27
5310.10.90,53,,no,si,2022-10-04,2023-12-27
5310.90.00,53,,no,si,2022-10-04,2023-12-27
5311.00.00,53,,no,si,2022-10-04,2023-12-27
5401.10.11,54,,no,si,2022-10-04,2023-12-27
5401.10.12,54,,no,si,2022-10-04,2023-12-27
5401.10.90,54,,no,si,2022-10-04,2023-12-27
5401.20.11,54,,no,si,2022-10-04,2023-12-27
5401.20.12,54,,no,si,2022-10-04,2023-12-27
5401.20.90,54,,no,si,2022-10-04,2023-12-27
5402.11.00,54,,no,si,2022-10-04,2023-12-27
5402.19.10,54,,si,si,2022-08-25,2023-12-27
5402.19.90,54,,no,si,2022-10-04,2023-12-27
5402.20.00,54,,no,si,2022-10-04,2023-12-27
5402.31.11,54,,si,si,2022-08-25,2023-12-27
5402.31.19,54,,si,si,2022-08-25,2023-12-27
5402.31.90,54,,si,si,2022-08-25,2023-12-27
5402.32.11,54,,no,si,2022-10-04,2023-12-27
5402.32.19,54,,no,si,2022-10-04,2023-12-27
5402.32.90,54,,no,si,2022-10-04,2023-12-27
5402.33.10,54,,si,si,2022-08-25,2023-12-27
5402.33.20,54,,si,si,2022-08-25,2023-12-27
5402.33.90,54,,si,si,2022-08-25,2023-12-27
5402.34.00,54,,no,si,2022-10-04,2023-12-27
5402.39.00,54,,no,si,2022-10-04,2023-12-27
5402.44.00,54,,no,si,2022-10-04,2023-12-27
5402.45.10,54,,no,si,2022-10-04,2023-12-27
5402.45.20,54,,no,si,2022-10-04,2023-12-27
5402.45.90,54,,no,si,2022-10-04,2023-12-27
5402.46.00,54,,no,si,2022-10-04,2023-12-27
5402.47.10,54,,no,si,2022-10-04,2023-12-27
5402.47.20,54,,no,si,2022-10-04,2023-12-27
5402.47.90,54,,no,si,2022-10-04,2023-12-27
5402.48.00,54,,no,si,2022-10-04,2023-12-27
5402.49.10,54,,no,si,2022-10-04,2023-12-27
5402.49.90,54,,no,si,2022-10-04,2023-12-27
5402.51.10,54,,no,si,2022-10-04,2023-12-27
5402.51.90,54,,no,si,2022-10-04,2023-12-27
5402.52.00,54,,no,si,2022-10-04,2023-12-27
5402.53.00,54,,no,si,2022-10-04,2023-12-27
5402.59.00,54,,no,si,2022-10-04,2023-12-27
5402.61.10,54,,no,si,2022-10-04,2023-12-27
5402.61.90,54,,no,si,2022-10-04,2023-12-27
5402.62.00,54,,no,si,2022-10-04,2023-12-27
5402.63.00,54,,no,si,2022-10-04,2023-12-27
5402.69.00,54,,no,si,2022-10-04,2023-12-27
5403.10.00,54,,no,si,2022-10-04,2023-12-27
5403.31.10,54,,no,si,2022-10-04,2023-12-27
5403.31.90,54,,no,si,2022-10-04,2023-12-27
5403.32.00,54,,no,si,2022-10-04,2023-12-27
5403.33.00,54,,no,si,2022-10-04,2023-12-27
5403.39.00,54,,no,si,2022-10-04,2023-12-27
5403.41.00,54,,no,si,2022-10-04,2023-12-27
5403.42.00,54,,no,si,2022-10-04,2023-12-27
5403.49.00,54,,no,si,2022-10-04,2023-12-27
5404.11.00,54,,no,si,2022-10-04,2023-12-27
5404.12.00,54,,no,si,2022-10-04,2023-12-27
5404.19.11,54,,no,si,2022-10-04,2023-12-27
5404.19.19,54,,no,si,2022-10-04,2023-12-27
5404.19.90,54,,no,si,2022-10-04,2023-12-27
5404.90.00,54,,no,si,2022-10-04,2023-12-27
5405.00.00,54,,no,si,2022-10-04,2023-12-27
5406.00.10,54,,no,si,2022-10-04,2023-12-27
5406.00.20,54,,no,si,2022-10-04,2023-12-27
5407.10.11,54,,no,si,2022-10-04,2023-12-27
5407.10.19,54,,si,si,2022-08-25,2023-12-27
5407.10.21,54,,no,si,2022-10-04,2023-12-27
5407.10.29,54,,si,si,2022-08-25,2023-12-27
5407.20.00,54,,no,si,2022-10-04,2023-12-27
5407.30.00,54,,no,si,2022-10-04,2023-12-27
5407.41.00,54,,si,si,2022-08-25,2023-12-27
5407.42.00,54,,si,si,2022-08-25,2023-12-27
5407.43.00,54,,si,si,2022-08-25,2023-12-27
5407.44.00,54,,si,si,2022-08-25,2023-12-27
5407.51.00,54,,si,si,2022-08-25,2023-12-27
5407.52.10,54,,si,si,2022-08-25,2023-12-27
5407.52.20,54,,no,si,2022-10-04,2023-12-27
5407.53.00,54,,si,si,2022-08-25,2023-12-27
5407.54.00,54,,si,si,2022-08-25,2023-12-27
5407.61.00,54,,no,si,2022-10-04,2023-12-27
5407.69.00,54,,si,si,2022-08-25,2023-12-27
5407.71.00,54,,si,si,2022-08-25,2023-12-27
5407.72.00,54,,si,si,2022-08-25,2023-12-27
5407.73.00,54,,si,si,2022-08-25,2023-12-27
5407.74.00,54,,si,si,2022-08-25,2023-12-27
5407.81.00,54,,si,si,2022-08-25,2023-12-27
5407.82.00,54,,si,si,2022-08-25,2023-12-27
5407.83.00,54,,si,si,2022-08-25,2023-12-27
5407.84.00,54,,si,si,2022-08-25,2023-12-27
5407.91.00,54,,si,si,2022-08-25,2023-12-27
5407.92.00,54,,si,si,2022-08-25,2023-12-27
5407.93.00,54,,si,si,2022-08-25,2023-12-27
5407.94.00,54,,si,si,2022-08-25,2023-12-27
5408.10.00,54,,no,si,2022-10-04,2023-12-27
5408.21.00,54,,no,si,2022-10-04,2023-12-27
5408.22.00,54,,no,si,2022-10-04,2023-12-27
5408.23.00,54,,no,si,2022-10-04,2023-12-27
5408.24.00,54,,no,si,2022-10-04,2023-12-27
5408.31.00,54,,no,si,2022-10-04,2023-12-27
5408.32.00,54,,no,si,2022-10-04,2023-12-27
5408.33.00,54,,no,si,2022-10-04,2023-12-27
5408.34.00,54,,no,si,2022-10-04,2023-12-27
5501.10.00,55,,no,si,2022-10-04,2023-12-27
5501.20.00,55,,no,si,2022-10-04,2023-12-27
5501.30.00,55,,no,si,2022-10-04,2023-12-27
5501.40.00,55,,no,si,2022-10-04,2023-12-27
5501.90.00,55,,no,si,2022-10-04,2023-12-27
5502.10.00,55,,no,si,2022-10-04,2023-12-27
5502.90.10,55,,no,si,2022-10-04,2023-12-27
5502.90.90,55,,no,si,2022-10-04,2023-12-27
5503.11.00,55,,no,si,2022-10-04,2023-12-27
5503.19.10,55,,no,si,2022-10-04,2023-12-27
5503.19.90,55,,no,si,2022-10-04,2023-12-27
5503.20.10,55,,no,si,2022-10-04,2023-12-27
5503.20.90,55,,no,si,2022-10-04,2023-12-27
5503.30.00,55,,no,si,2022-10-04,2023-12-27
5503.40.00,55,,no,si,2022-10-04,2023-12-27
5503.90.10,55,,no,si,2022-10-04,2023-12-27
5503.90.20,55,,no,si,2022-10-04,2023-12-27
5503.90.90,55,,no,si,2022-10-04,2023-12-27
5504.10.00,55,,no,si,2022-10-04,2023-12-27
5504.90.10,55,,no,si,2022-10-04,2023-12-27
5504.90.90,55,,no,si,2022-10-04,2023-12-27
5505.10.00,55,,no,si,2022-10-04,2023-12-27
5505.20.00,55,,no,si,2022-10-04,2023-12-27
5506.10.00,55,,no,si,2022-10-04,2023-12-27
5506.20.00,55,,no,si,2022-10-04,2023-12-27
5506.30.00,55,,no,si,2022-10-04,2023-12-27
5506.40.00,55,,no,si,2022-10-04,2023-12-27
5506.90.00,55,,no,si,2022-10-04,2023-12-27
5507.00.00,55,,no,si,2022-10-04,2023-12-27
5508.10.00,55,,no,si,2022-10-04,2023-12-27
5508.20.00,55,,no,si,2022-10-04,2023-12-27
5509.11.00,55,,no,si,2022-10-04,2023-12-27
5509.12.10,55,,no,si,2022-10-04,2023-12-27
5509.12.90,55,,no,si,2022-10-04,2023-12-27
5509.21.00,55,,no,si,2022-10-04,2023-12-27
5509.22.00,55,,no,si,2022-10-04,2023-12-27
5509.31.00,55,,si,si,2022-08-25,2023-12-27
5509.32.00,55,,si,si,2022-08-25,2023-12-27
5509.41.00,55,,no,si,2022-10-04,2023-12-27
5509.42.00,55,,no,si,2022-10-04,2023-12-27
5509.51.00,55,,no,si,2022-10-04,2023-12-27
5509.52.00,55,,no,si,2022-10-04,2023-12-27
5509.53.00,55,,no,si,2022-10-04,2023-12-27
5509.59.00,55,,no,si,2022-10-04,2023-12-27
5509.61.00,55,,no,si,2022-10-04,2023-12-27
5509.62.00,55,,no,si,2022-10-04,2023-12-27
5509.69.00,55,,no,si,2022-10-04,2023-12-27
5509.91.00,55,,no,si,2022-10-04,2023-12-27
5509.92.00,55,,no,si,2022-10-04,2023-12-27
5509.99.00,55,,no,si,2022-10-04,2023-12-27
5510.11.11,55,,no,si,2022-10-04,2023-12-27
5510.11.12,55,,no,si,2022-10-04,2023-12-27
5510.11.13,55,,no,si,2022-10-04,2023-12-27
5510.11.19,55,,no,si,2022-10-04,2023-12-27
5510.11.90,55,,no,si,2022-10-04,2023-12-27
5510.12.11,55,,no,si,2022-10-04,2023-12-27
5510.12.12,55,,no,si,2022-10-04,2023-12-27
5510.12.13,55,,no,si,2022-10-04,2023-12-27
5510.12.19,55,,no,si,2022-10-04,2023-12-27
5510.12.90,55,,no,si,2022-10-04,2023-12-27
5510.20.11,55,,no,si,2022-10-04,2023-12-27
5510.20.12,55,,no,si,2022-10-04,2023-12-27
5510.20.13,55,,no,si,2022-10-04,2023-12-27
5510.20.19,55,,no,si,2022-10-04,2023-12-27
5510.20.90,55,,no,si,2022-10-04,2023-12-27
5510.30.11,55,,no,si,2022-10-04,2023-12-27
5510.30.12,55,,no,si,2022-10-04,2023-12-27
5510.30.13,55,,no,si,2022-10-04,2023-12-27
5510.30.19,55,,no,si,2022-10-04,2023-12-27
5510.30.90,55,,no,si,2022-10-04,2023-12-27
5510.90.11,55,,no,si,2022-10-04,2023-12-27
5510.90.12,55,,no,si,2022-10-04,2023-12-27
5510.90.13,55,,no,si,2022-10-04,2023-12-27
5510.90.19,55,,no,si,2022-10-04,2023-12-27
5510.90.90,55,,no,si,2022-10-04,2023-12-27
5511.10.00,55,,si,si,2022-08-25,2023-12-27
5511.20.00,55,,si,si,2022-08-25,2023-12-27
5511.30.00,55,,no,si,2022-10-04,2023-12-27
5512.11.00,55,,si,si,2022-08-25,2023-12-27
5512.19.00,55,,si,si,2022-08-25,2023-12-27
5512.21.00,55,,si,si,2022-08-25,2023-12-27
5512.29.00,55,,si,si,2022-08-25,2023-12-27
5512.91.10,55,,no,si,2022-10-04,2023-12-27
5512.91.90,55,,si,si,2022-08-25,2023-12-27
5512.99.10,55,,no,si,2022-10-04,2023-12-27
5512.99.90,55,,si,si,2022-08-25,2023-12-27
5513.11.00,55,,si,si,2022-08-25,2023-12-27
5513.12.00,55,,si,si,2022-08-25,2023-12-27
5513.13.00,55,,si,si,2022-08-25,2023-12-27
5513.19.00,55,,si,si,2022-08-25,2023-12-27
5513.21.00,55,,si,si,2022-08-25,2023-12-27
5513.23.10,55,,si,si,2022-08-25,2023-12-27
5513.23.90,55,,si,si,2022-08-25,2023-12-27
5513.29.00,55,,si,si,2022-08-25,2023-12-27
5513.31.00,55,,si,si,2022-08-25,2023-12-27
5513.39.11,55,,si,si,2022-08-25,2023-12-27
5513.39.19,55,,si,si,2022-08-25,2023-12-27
5513.39.90,55,,si,si,2022-08-25,2023-12-27
5513.41.00,55,,si,si,2022-08-25,2023-12-27
5513.49.11,55,,si,si,2022-08-25,2023-12-27
5513.49.19,55,,si,si,2022-08-25,2023-12-27
5513.49.90,55,,si,si,2022-08-25,2023-12-27
5514.11.00,55,,si,si,2022-08-25,2023-12-27
5514.12.00,55,,si,si,2022-08-25,2023-12-27
5514.19.10,55,,si,si,2022-08-25,2023-12-27
5514.19.90,55,,si,si,2022-08-25,2023-12-27
5514.21.00,55,,si,si,2022-08-25,2023-12-27
5514.22.00,55,,si,si,2022-08-25,2023-12-27
5514.23.00,55,,si,si,2022-08-25,2023-12-27
5514.29.00,55,,si,si,2022-08-25,2023-12-27
5514.30.11,55,,si,si,2022-08-25,2023-12-27
5514.30.12,55,,si,si,2022-08-25,2023-12-27
5514.30.19,55,,si,si,2022-08-25,2023-12-27
5514.30.90,55,,si,si,2022-08-25,2023-12-27
5514.41.00,55,,si,si,2022-08-25,2023-12-27
5514.42.00,55,,si,si,2022-08-25,2023-12-27
5514.43.00,55,,si,si,2022-08-25,2023-12-27
5514.49.00,55,,si,si,2022-08-25,2023-12-27
5515.11.00,55,,si,si,2022-08-25,2023-12-27
5515.12.00,55,,si,si,2022-08-25,2023-12-27
5515.13.00,55,,si,si,2022-08-25,2023-12-27
5515.19.00,55,,si,si,2022-08-25,2023-12-27
5515.21.00,55,,si,si,2022-08-25,2023-12-27
5515.22.00,55,,si,si,2022-08-25,2023-12-27
5515.29.00,55,,si,si,2022-08-25,2023-12-27
5515.91.00,55,,si,si,2022-08-25,2023-12-27
5515.99.10,55,,si,si,2022-08-25,2023-12-27
5515.99.90,55,,si,si,2022-08-25,2023-12-27
5516.11.00,55,,no,si,2022-10-04,2023-12-27
5516.12.00,55,,si,si,2022-08-25,2023-12-27
5516.13.00,55,,si,si,2022-08-25,2023-12-27
5516.14.00,55,,si,si,2022-08-25,2023-12-27
5516.21.00,55,,si,si,2022-08-25,2023-12-27
5516.22.00,55,,si,si,2022-08-25,2023-12-27
5516.23.00,55,,si,si,2022-08-25,2023-12-27
5516.24.00,55,,si,si,2022-08-25,2023-12-27
5516.31.00,55,,no,si,2022-10-04,2023-12-27
5516.32.00,55,,si,si,2022-08-25,2023-12-27
5516.33.00,55,,si,si,2022-08-25,2023-12-27
5516.34.00,55,,si,si,2022-08-25,2023-12-27
5516.41.00,55,,si,si,2022-08-25,2023-12-27
5516.42.00,55,,si,si,2022-08-25,2023-12-27
5516.43.00,55,,si,si,2022-08-25,2023-12-27
5516.44.00,55,,si,si,2022-08-25,2023-12-27
5516.91.00,55,,si,si,2022-08-25,2023-12-27
5516.92.00,55,,si,si,2022-08-25,2023-12-27
5516.93.00,55,,si,si,2022-08-25,2023-12-27
5516.94.00,55,,si,si,2022-08-25,2023-12-27
5601.21.10,56,,no,si,2022-10-04,2023-12-27
5601.21.90,56,,si,si,2022-08-25,2023-12-27
5601.22.11,56,,no,si,2022-10-04,2023-12-27
5601.22.19,56,,no,si,2022-10-04,2023-12-27
5601.22.91,56,,no,si,2022-10-04,2023-12-27
5601.22.99,56,,no,si,2022-10-04,2023-12-27
5601.29.00,56,,no,si,2022-10-04,2023-12-27
5601.30.10,56,,no,si,2022-10-04,2023-12-27
5601.30.90,56,,no,si,2022-10-04,2023-12-27
5602.10.00,56,,si,si,2022-08-25,2023-12-27
5602.21.00,56,,si,si,2022-08-25,2023-12-27
5602.29.00,56,,si,si,2022-08-25,2023-12-27
5602.90.00,56,,no,si,2022-10-04,2023-12-27
5603.11.10,56,,no,si,2022-10-04,2023-12-27
5603.11.20,56,,no,si,2022-10-04,2023-12-27
5603.11.30,56,,no,si,2022-10-04,2023-12-27
5603.11.40,56,,no,si,2022-10-04,2023-12-27
5603.11.90,56,,no,si,2022-10-04,2023-12-27
5603.12.10,56,,si,si,2022-08-25,2023-12-27
5603.12.20,56,,no,si,2022-10-04,2023-12-27
5603.12.30,56,,no,si,2022-10-04,2023-12-27
5603.12.40,56,,no,si,2022-10-04,2023-12-27
5603.12.50,56,,no,si,2022-10-04,2023-12-27
5603.12.90,56,,si,si,2022-08-25,2023-12-27
5603.13.10,56,,no,si,2022-10-04,2023-12-27
5603.13.20,56,,no,si,2022-10-04,2023-12-27
5603.13.30,56,,no,si,2022-10-04,2023-12-27
5603.13.40,56,,no,si,2022-10-04,2023-12-27
5603.13.50,56,,no,si,2022-10-04,2023-12-27
5603.13.90,56,,no,si,2022-10-04,2023-12-27
5603.14.10,56,,no,si,2022-10-04,2023-12-27
5603.14.20,56,,no,si,2022-10-04,2023-12-27
5603.14.30,56,,no,si,2022-10-04,2023-12-27
5603.14.40,56,,no,si,2022-10-04,2023-12-27
5603.14.90,56,,no,si,2022-10-04,2023-12-27
5603.91.10,56,,si,si,2022-08-25,2023-12-27
5603.91.20,56,,si,si,2022-08-25,2023-12-27
5603.91.30,56,,si,si,2022-08-25,2023-12-27
5603.91.90,56,,si,si,2022-08-25,2023-12-27
5603.92.10,56,,si,si,2022-08-25,2023-12-27
5603.92.20,56,,si,si,2022-08-25,2023-12-27
5603.92.30,56,,si,si,2022-08-25,2023-12-27
5603.92.40,56,,si,si,2022-08-25,2023-12-27
5603.92.90,56,,si,si,2022-08-25,2023-12-27
5603.93.10,56,,si,si,2022-08-25,2023-12-27
5603.93.20,56,,si,si,2022-08-25,2023-12-27
5603.93.30,56,,no,si,2022-10-04,2023-12-27
5603.93.40,56,,no,si,2022-10-04,2023-12-27
5603.93.90,56,,no,si,2022-10-04,2023-12-27
5603.94.10,56,,no,si,2022-10-04,2023-12-27
5603.94.20,56,,no,si,2022-10-04,2023-12-27
5603.94.30,56,,no,si,2022-10-04,2023-12-27
5603.94.90,56,,no,si,2022-10-04,2023-12-27
5604.10.00,56,,si,si,2022-08-25,2023-12-27
5604.90.10,56,,no,si,2022-10-04,2023-12-27
5604.90.21,56,,no,si,2022-10-04,2023-12-27
5604.90.22,56,,no,si,2022-10-04,2023-12-27
5604.90.90,56,,no,si,2022-10-04,2023-12-27
5605.00.10,56,,no,si,2022-10-04,2023-12-27
5605.00.20,56,,no,si,2022-10-04,2023-12-27
5605.00.90,56,,no,si,2022-10-04,2023-12-27
5606.00.00,56,,si,si,2022-08-25,2023-12-27
5607.21.00,56,,no,si,2022-10-04,2023-12-27
5607.29.00,56,,si,si,2022-08-25,2023-12-27
5607.41.00,56,,si,si,2022-08-25,2023-12-27
5607.49.00,56,,si,si,2022-08-25,2023-12-27
5607.50.14,56,,no,si,2022-10-04,2023-12-27
5607.50.19,56,,no,si,2022-10-04,2023-12-27
5607.50.90,56,,si,si,2022-08-25,2023-12-27
5607.90.10,56,,no,si,2022-10-04,2023-12-27
5607.90.20,56,,no,si,2022-10-04,2023-12-27
5607.90.90,56,,no,si,2022-10-04,2023-12-27
5608.11.00,56,,si,si,2022-08-25,2023-12-27
5608.19.00,56,,si,si,2022-08-25,2023-12-27
5608.90.00,56,,si,si,2022-08-25,2023-12-27
5609.00.10,56,,no,si,2022-10-04,2023-12-27
5609.00.90,56,,no,si,2022-10-04,2023-12-27
5701.10.11,57,,si,si,2022-08-25,2023-12-27
5701.10.12,57,,si,si,2022-08-25,2023-12-27
5701.10.20,57,,si,si,2022-08-25,2023-12-27
5701.90.00,57,,si,si,2022-08-25,2023-12-27
5702.10.00,57,,si,si,2022-08-25,2023-12-27
5702.20.00,57,,si,si,2022-08-25,2023-12-27
5702.31.00,57,,si,si,2022-08-25,2023-12-27
5702.32.00,57,,si,si,2022-08-25,2023-12-27
5702.39.00,57,,si,si,2022-08-25,2023-12-27
5702.41.00,57,,si,si,2022-08-25,2023-12-27
5702.42.00,57,,si,si,2022-08-25,2023-12-27
5702.49.00,57,,si,si,2022-08-25,2023-12-27
5702.50.10,57,,si,si,2022-08-25,2023-12-27
5702.50.20,57,,si,si,2022-08-25,2023-12-27
5702.50.90,57,,si,si,2022-08-25,2023-12-27
5702.91.00,57,,si,si,2022-08-25,2023-12-27
5702.92.00,57,,si,si,2022-08-25,2023-12-27
5702.99.00,57,,si,si,2022-08-25,2023-12-27
5703.10.00,57,,si,si,2022-08-25,2023-12-27
5703.20.00,57,,si,si,2022-08-25,2023-12-27
5703.30.00,57,,si,si,2022-08-25,2023-12-27
5703.90.00,57,,si,si,2022-08-25,2023-12-27
5704.10.00,57,,si,si,2022-08-25,2023-12-27
5704.20.00,57,,si,si,2022-08-25,2023-12-27
5704.90.00,57,,si,si,2022-08-25,2023-12-27
5705.00.00,57,,si,si,2022-08-25,2023-12-27
5801.10.00,58,,no,si,2022-10-04,2023-12-27
5801.21.00,58,,si,si,2022-08-25,2023-12-27
5801.22.00,58,,si,si,2022-08-25,2023-12-27
5801.23.00,58,,si,si,2022-08-25,2023-12-27
5801.26.00,58,,si,si,2022-08-25,2023-12-27
5801.27.00,58,,si,si,2022-08-25,2023-12-27
5801.31.00,58,,no,si,2022-10-04,2023-12-27
5801.32.00,58,,no,si,2022-10-04,2023-12-27
5801.33.00,58,,no,si,2022-10-04,2023-12-27
5801.36.00,58,,si,si,2022-08-25,2023-12-27
5801.37.00,58,,si,si,2022-08-25,2023-12-27
5801.90.00,58,,si,si,2022-08-25,2023-12-27
5802.11.00,58,,si,si,2022-08-25,2023-12-27
5802.19.00,58,,si,si,2022-08-25,2023-12-27
5802.20.00,58,,si,si,2022-08-25,2023-12-27
5802.30.00,58,,si,si,2022-08-25,2023-12-27
5803.00.10,58,,no,si,2022-10-04,2023-12-27
5803.00.90,58,,si,si,2022-08-25,2023-12-27
5804.10.10,58,,no,si,2022-10-04,2023-12-27
5804.10.90,58,,no,si,2022-10-04,2023-12-27
5804.21.00,58,,no,si,2022-10-04,2023-12-27
5804.29.10,58,,no,si,2022-10-04,2023-12-27
5804.29.90,58,,no,si,2022-10-04,2023-12-27
5804.30.10,58,,no,si,2022-10-04,2023-12-27
5804.30.90,58,,no,si,2022-10-04,2023-12-27
5805.00.10,58,,si,si,2022-08-25,2023-12-27
5805.00.20,58,,si,si,2022-08-25,2023-12-27
5805.00.90,58,,si,si,2022-08-25,2023-12-27
5806.10.00,58,,si,si,2022-08-25,2023-12-27
5806.20.00,58,,si,si,2022-08-25,2023-12-27
5806.31.00,58,,si,si,2022-08-25,2023-12-27
5806.32.00,58,,si,si,2022-08-25,2023-12-27
5806.39.00,58,,si,si,2022-08-25,2023-12-27
5806.40.00,58,,si,si,2022-08-25,2023-12-27
5807.10.00,58,,si,si,2022-08-25,2023-12-27
5807.90.00,58,,si,si,2022-08-25,2023-12-27
5808.10.00,58,,no,si,2022-10-04,2023-12-27
5808.90.00,58,,si,si,2022-08-25,2023-12-27
5809.00.00,58,,no,si,2022-10-04,2023-12-27
5810.10.00,58,,si,si,2022-08-25,2023-12-27
5810.91.00,58,,si,si,2022-08-25,2023-12-27
5810.92.00,58,,si,si,2022-08-25,2023-12-27
5810.99.00,58,,si,si,2022-08-25,2023-12-27
5811.00.00,58,,si,si,2022-08-25,2023-12-27
5901.10.00,59,,no,si,2022-10-04,2023-12-27
5901.90.00,59,,no,si,2022-10-04,2023-12-27
5902.10.10,59,,si,si,2022-08-25,2023-12-27
5902.10.90,59,,no,si,2022-10-04,2023-12-27
5902.20.00,59,,no,si,2022-10-04,2023-12-27
5902.90.00,59,,no,si,2022-10-04,2023-12-27
5903.10.00,59,,si,si,2022-08-25,2023-12-27
5903.20.00,59,,si,si,2022-08-25,2023-12-27
5903.90.00,59,,si,si,2022-08-25,2023-12-27
5904.10.00,59,,no,si,2022-10-04,2023-12-27
5904.90.00,59,,no,si,2022-10-04,2023-12-27
5905.00.00,59,,no,si,2022-10-04,2023-12-27
5906.10.00,59,,no,si,2022-10-04,2023-12-27
5906.91.00,59,,no,si,2022-10-04,2023-12-27
5906.99.00,59,,no,si,2022-10-04,2023-12-27
5907.00.00,59,,no,si,2022-10-04,2023-12-27
5908.00.00,59,,no,si,2022-10-04,2023-12-27
5909.00.00,59,,no,si,2022-10-04,2023-12-27
5910.00.00,59,,si,si,2022-08-25,2023-12-27
5911.10.00,59,,no,si,2022-10-04,2023-12-27
5911.20.10,59,,no,si,2022-10-04,2023-12-27
5911.20.90,59,,no,si,2022-10-04,2023-12-27
5911.31.00,59,,no,si,2022-10-04,2023-12-27
5911.32.00,59,,no,si,2022-10-04,2023-12-27
5911.40.00,59,,no,si,2022-10-04,2023-12-27
5911.90.00,59,,no,si,2022-10-04,2023-12-27
6001.10.10,60,,si,si,2022-08-25,2023-12-27
6001.10.20,60,,si,si,2022-08-25,2023-12-27
6001.10.90,60,,si,si,2022-08-25,2023-12-27
6001.21.00,60,,si,si,2022-08-25,2023-12-27
6001.22.00,60,,si,si,2022-08-25,2023-12-27
6001.29.00,60,,si,si,2022-08-25,2023-12-27
6001.91.00,60,,si,si,2022-08-25,2023-12-27
6001.92.00,60,,si,si,2022-08-25,2023-12-27
6001.99.00,60,,si,si,2022-08-25,2023-12-27
6002.40.10,60,,si,si,2022-08-25,2023-12-27
6002.40.20,60,,si,si,2022-08-25,2023-12-27
6002.40.90,60,,no,si,2022-10-04,2023-12-27
6002.90.10,60,,si,si,2022-08-25,2023-12-27
6002.90.20,60,,si,si,2022-08-25,2023-12-27
6002.90.90,60,,no,si,2022-10-04,2023-12-27
6003.10.00,60,,si,si,2022-08-25,2023-12-27
6003.20.00,60,,si,si,2022-08-25,2023-12-27
6003.30.00,60,,si,si,2022-08-25,2023-12-27
6003.40.00,60,,si,si,2022-08-25,2023-12-27
6003.90.00,60,,si,si,2022-08-25,2023-12-27
6004.10.11,60,,si,si,2022-08-25,2023-12-27
6004.10.12,60,,si,si,2022-08-25,2023-12-27
6004.10.13,60,,si,si,2022-08-25,2023-12-27
6004.10.14,60,,si,si,2022-08-25,2023-12-27
6004.10.31,60,,si,si,2022-08-25,2023-12-27
6004.10.32,60,,si,si,2022-08-25,2023-12-27
6004.10.33,60,,si,si,2022-08-25,2023-12-27
6004.10.34,60,,si,si,2022-08-25,2023-12-27
6004.10.41,60,,si,si,2022-08-25,2023-12-27
6004.10.42,60,,si,si,2022-08-25,2023-12-27
6004.10.43,60,,si,si,2022-08-25,2023-12-27
6004.10.44,60,,si,si,2022-08-25,2023-12-27
6004.10.91,60,,si,si,2022-08-25,2023-12-27
6004.10.92,60,,no,si,2022-10-04,2023-12-27
6004.10.93,60,,si,si,2022-08-25,2023-12-27
6004.10.94,60,,si,si,2022-08-25,2023-12-27
6004.90.10,60,,si,si,2022-08-25,2023-12-27
6004.90.30,60,,si,si,2022-08-25,2023-12-27
6004.90.40,60,,si,si,2022-08-25,2023-12-27
6004.90.90,60,,no,si,2022-10-04,2023-12-27
6005.21.00,60,,si,si,2022-08-25,2023-12-27
6005.22.00,60,,si,si,2022-08-25,2023-12-27
6005.23.00,60,,si,si,2022-08-25,2023-12-27
6005.24.00,60,,si,si,2022-08-25,2023-12-27
6005.35.00,60,,si,si,2022-08-25,2023-12-27
6005.36.00,60,,no,si,2022-10-04,2023-12-27
6005.37.00,60,,no,si,2022-10-04,2023-12-27
6005.38.00,60,,si,si,2022-08-25,2023-12-27
6005.39.00,60,,si,si,2022-08-25,2023-12-27
6005.41.00,60,,si,si,2022-08-25,2023-12-27
6005.42.00,60,,si,si,2022-08-25,2023-12-27
6005.43.00,60,,si,si,2022-08-25,2023-12-27
6005.44.00,60,,si,si,2022-08-25,2023-12-27
6005.90.10,60,,si,si,2022-08-25,2023-12-27
6005.90.90,60,,si,si,2022-08-25,2023-12-27
6006.10.00,60,,si,si,2022-08-25,2023-12-27
6006.21.00,60,,si,si,2022-08-25,2023-12-27
6006.22.00,60,,si,si,2022-08-25,2023-12-27
6006.23.00,60,,si,si,2022-08-25,2023-12-27
6006.24.00,60,,si,si,2022-08-25,2023-12-27
6006.31.10,60,,si,si,2022-08-25,2023-12-27
6006.31.20,60,,si,si,2022-08-25,2023-12-27
6006.31.30,60,,si,si,2022-08-25,2023-12-27
6006.31.90,60,,si,si,2022-08-25,2023-12-27
6006.32.10,60,,si,si,2022-08-25,2023-12-27
6006.32.20,60,,si,si,2022-08-25,2023-12-27
6006.32.30,60,,si,si,2022-08-25,2023-12-27
6006.32.90,60,,si,si,2022-08-25,2023-12-27
6006.33.10,60,,si,si,2022-08-25,2023-12-27
6006.33.20,60,,si,si,2022-08-25,2023-12-27
6006.33.30,60,,si,si,2022-08-25,2023-12-27
6006.33.90,60,,si,si,2022-08-25,2023-12-27
6006.34.10,60,,si,si,2022-08-25,2023-12-27
6006.34.20,60,,si,si,2022-08-25,2023-12-27
6006.34.30,60,,si,si,2022-08-25,2023-12-27
6006.34.90,60,,si,si,2022-08-25,2023-12-27
6006.41.00,60,,si,si,2022-08-25,2023-12-27
6006.42.00,60,,si,si,2022-08-25,2023-12-27
6006.43.00,60,,si,si,2022-08-25,2023-12-27
6006.44.00,60,,si,si,2022-08-25,2023-12-27
6006.90.00,60,,si,si,2022-08-25,2023-12-27
6008.37.00,60,,si,no,2022-08-25,2022-10-04
6101.20.00,61,,si,si,2022-08-25,2023-12-27
6101.30.00,61,,si,si,2022-08-25,2023-12-27
6101.90.10,61,,si,si,2022-08-25,2023-12-27
6101.90.90,61,,si,si,2022-08-25,2023-12-27
6102.10.00,61,,si,si,2022-08-25,2023-12-27
6102.20.00,61,,si,si,2022-08-25,2023-12-27
6102.30.00,61,,si,si,2022-08-25,2023-12-27
6102.90.00,61,,si,si,2022-08-25,2023-12-27
6103.10.10,61,,si,si,2022-08-25,2023-12-27
6103.10.20,61,,si,si,2022-08-25,2023-12-27
6103.10.90,61,,si,si,2022-08-25,2023-12-27
6103.22.00,61,,si,si,2022-08-25,2023-12-27
6103.23.00,61,,si,si,2022-08-25,2023-12-27
6103.29.10,61,,si,si,2022-08-25,2023-12-27
6103.29.90,61,,si,si,2022-08-25,2023-12-27
6103.31.00,61,,si,si,2022-08-25,2023-12-27
6103.32.00,61,,si,si,2022-08-25,2023-12-27
6103.33.00,61,,si,si,2022-08-25,2023-12-27
6103.39.00,61,,si,si,2022-08-25,2023-12-27
6103.41.00,61,,si,si,2022-08-25,2023-12-27
6103.42.00,61,,si,si,2022-08-25,2023-12-27
6103.43.00,61,,si,si,2022-08-25,2023-12-27
6103.49.00,61,,si,si,2022-08-25,2023-12-27
6104.13.00,61,,si,si,2022-08-25,2023-12-27
6104.19.10,61,,si,si,2022-08-25,2023-12-27
6104.19.20,61,,si,si,2022-08-25,2023-12-27
6104.19.90,61,,si,si,2022-08-25,2023-12-27
6104.22.00,61,,si,si,2022-08-25,2023-12-27
6104.23.00,61,,si,si,2022-08-25,2023-12-27
6104.29.10,61,,si,si,2022-08-25,2023-12-27
6104.29.90,61,,si,si,2022-08-25,2023-12-27
6104.31.00,61,,si,si,2022-08-25,2023-12-27
6104.32.00,61,,si,si,2022-08-25,2023-12-27
6104.33.00,61,,si,si,2022-08-25,2023-12-27
6104.39.00,61,,si,si,2022-08-25,2023-12-27
6104.41.00,61,,si,si,2022-08-25,2023-12-27
6104.42.00,61,,si,si,2022-08-25,2023-12-27
6104.43.00,61,,si,si,2022-08-25,2023-12-27
6104.44.00,61,,si,si,2022-08-25,2023-12-27
6104.49.00,61,,si,si,2022-08-25,2023-12-27
6104.51.00,61,,si,si,2022-08-25,2023-12-27
6104.52.00,61,,si,si,2022-08-25,2023-12-27
6104.53.00,61,,si,si,2022-08-25,2023-12-27
6104.59.00,61,,si,si,2022-08-25,2023-12-27
6104.61.00,61,,si,si,2022-08-25,2023-12-27
6104.62.00,61,,si,si,2022-08-25,2023-12-27
6104.63.00,61,,si,si,2022-08-25,2023-12-27
6104.69.00,61,,si,si,2022-08-25,2023-12-27
6105.10.00,61,,si,si,2022-08-25,2023-12-27
6105.20.00,61,,si,si,2022-08-25,2023-12-27
6105.90.00,61,,si,si,2022-08-25,2023-12-27
6106.10.00,61,,si,si,2022-08-25,2023-12-27
6106.20.00,61,,si,si,2022-08-25,2023-12-27
6106.90.00,61,,si,si,2022-08-25,2023-12-27
6107.11.00,61,,si,si,2022-08-25,2023-12-27
6107.12.00,61,,si,si,2022-08-25,2023-12-27
6107.19.00,61,,si,si,2022-08-25,2023-12-27
6107.21.00,61,,si,si,2022-08-25,2023-12-27
6107.22.00,61,,si,si,2022-08-25,2023-12-27
6107.29.00,61,,si,si,2022-08-25,2023-12-27
6107.91.00,61,,si,si,2022-08-25,2023-12-27
6107.99.10,61,,si,si,2022-08-25,2023-12-27
6107.99.90,61,,si,si,2022-08-25,2023-12-27
6108.11.00,61,,si,si,2022-08-25,2023-12-27
6108.19.00,61,,si,si,2022-08-25,2023-12-27
6108.21.00,61,,si,si,2022-08-25,2023-12-27
6108.22.00,61,,si,si,2022-08-25,2023-12-27
6108.29.00,61,,si,si,2022-08-25,2023-12-27
6108.31.00,61,,si,si,2022-08-25,2023-12-27
6108.32.00,61,,si,si,2022-08-25,2023-12-27
6108.39.00,61,,si,si,2022-08-25,2023-12-27
6108.91.00,61,,si,si,2022-08-25,2023-12-27
6108.92.00,61,,si,si,2022-08-25,2023-12-27
6108.99.00,61,,si,si,2022-08-25,2023-12-27
6109.10.00,61,,si,si,2022-08-25,2023-12-27
6109.90.00,61,,si,si,2022-08-25,2023-12-27
6110.11.00,61,,si,si,2022-08-25,2023-12-27
6110.12.00,61,,si,si,2022-08-25,2023-12-27
6110.19.00,61,,si,si,2022-08-25,2023-12-27
6110.20.00,61,,si,si,2022-08-25,2023-12-27
6110.30.00,61,,si,si,2022-08-25,2023-12-27
6110.90.00,61,,si,si,2022-08-25,2023-12-27
6111.20.00,61,,si,si,2022-08-25,2023-12-27
6111.30.00,61,,si,si,2022-08-25,2023-12-27
6111.90.10,61,,si,si,2022-08-25,2023-12-27
6111.90.90,61,,si,si,2022-08-25,2023-12-27
6112.11.00,61,,si,si,2022-08-25,2023-12-27
6112.12.00,61,,si,si,2022-08-25,2023-12-27
6112.19.00,61,,si,si,2022-08-25,2023-12-27
6112.20.00,61,,si,si,2022-08-25,2023-12-27
6112.31.00,61,,si,si,2022-08-25,2023-12-27
6112.39.00,61,,si,si,2022-08-25,2023-12-27
6112.41.00,61,,si,si,2022-08-25,2023-12-27
6112.49.00,61,,si,si,2022-08-25,2023-12-27
6113.00.00,61,,si,si,2022-08-25,2023-12-27
6114.20.00,61,,si,si,2022-08-25,2023-12-27
6114.30.00,61,,si,si,2022-08-25,2023-12-27
6114.90.10,61,,si,si,2022-08-25,2023-12-27
6114.90.90,61,,si,si,2022-08-25,2023-12-27
6115.10.11,61,,si,si,2022-08-25,2023-12-27
6115.10.12,61,,si,si,2022-08-25,2023-12-27
6115.10.13,61,,no,si,2022-10-04,2023-12-27
6115.10.14,61,,si,si,2022-08-25,2023-12-27
6115.10.19,61,,si,si,2022-08-25,2023-12-27
6115.10.21,61,,si,si,2022-08-25,2023-12-27
6115.10.22,61,,no,si,2022-10-04,2023-12-27
6115.10.29,61,,no,si,2022-10-04,2023-12-27
6115.10.91,61,,no,si,2022-10-04,2023-12-27
6115.10.92,61,,no,si,2022-10-04,2023-12-27
6115.10.93,61,,si,si,2022-08-25,2023-12-27
6115.10.99,61,,no,si,2022-10-04,2023-12-27
6115.21.00,61,,si,si,2022-08-25,2023-12-27
6115.22.00,61,,si,si,2022-08-25,2023-12-27
6115.29.10,61,,no,si,2022-10-04,2023-12-27
6115.29.20,61,,si,si,2022-08-25,2023-12-27
6115.29.90,61,,no,si,2022-10-04,2023-12-27
6115.30.10,61,,si,si,2022-08-25,2023-12-27
6115.30.20,61,,si,si,2022-08-25,2023-12-27
6115.30.90,61,,no,si,2022-10-04,2023-12-27
6115.94.00,61,,si,si,2022-08-25,2023-12-27
6115.95.00,61,,si,si,2022-08-25,2023-12-27
6115.96.00,61,,si,si,2022-08-25,2023-12-27
6115.99.00,61,,si,si,2022-08-25,2023-12-27
6116.10.00,61,,si,si,2022-08-25,2023-12-27
6116.91.00,61,,si,si,2022-08-25,2023-12-27
6116.92.00,61,,si,si,2022-08-25,2023-12-27
6116.93.00,61,,si,si,2022-08-25,2023-12-27
6116.99.00,61,,si,si,2022-08-25,2023-12-27
6117.10.00,61,,si,si,2022-08-25,2023-12-27
6117.80.10,61,,si,si,2022-08-25,2023-12-27
6117.80.90,61,,si,si,2022-08-25,2023-12-27
6117.90.00,61,,si,si,2022-08-25,2023-12-27
6201.11.00,62,,si,si,2022-08-25,2023-12-27
6201.12.00,62,,si,si,2022-08-25,2023-12-27
6201.13.00,62,,si,si,2022-08-25,2023-12-27
6201.19.00,62,,si,si,2022-08-25,2023-12-27
6201.91.00,62,,si,si,2022-08-25,2023-12-27
6201.92.00,62,,si,si,2022-08-25,2023-12-27
6201.93.00,62,,si,si,2022-08-25,2023-12-27
6201.99.00,62,,si,si,2022-08-25,2023-12-27
6202.11.00,62,,si,si,2022-08-25,2023-12-27
6202.12.00,62,,si,si,2022-08-25,2023-12-27
6202.13.00,62,,si,si,2022-08-25,2023-12-27
6202.19.00,62,,si,si,2022-08-25,2023-12-27
6202.91.00,62,,si,si,2022-08-25,2023-12-27
6202.92.00,62,,si,si,2022-08-25,2023-12-27
6202.93.00,62,,si,si,2022-08-25,2023-12-27
6202.99.00,62,,si,si,2022-08-25,2023-12-27
6203.11.00,62,,si,si,2022-08-25,2023-12-27
6203.12.00,62,,si,si,2022-08-25,2023-12-27
6203.19.00,62,,si,si,2022-08-25,2023-12-27
6203.22.00,62,,si,si,2022-08-25,2023-12-27
6203.23.00,62,,si,si,2022-08-25,2023-12-27
6203.29.10,62,,si,si,2022-08-25,2023-12-27
6203.29.90,62,,si,si,2022-08-25,2023-12-27
6203.31.00,62,,si,si,2022-08-25,2023-12-27
6203.32.00,62,,si,si,2022-08-25,2023-12-27
6203.33.00,62,,si,si,2022-08-25,2023-12-27
6203.39.00,62,,si,si,2022-08-25,2023-12-27
6203.41.00,62,,si,si,2022-08-25,2023-12-27
6203.42.00,62,,si,si,2022-08-25,2023-12-27
6203.43.00,62,,si,si,2022-08-25,2023-12-27
6203.49.00,62,,si,si,2022-08-25,2023-12-27
6204.11.00,62,,si,si,2022-08-25,2023-12-27
6204.12.00,62,,si,si,2022-08-25,2023-12-27
6204.13.00,62,,si,si,2022-08-25,2023-12-27
6204.19.00,62,,si,si,2022-08-25,2023-12-27
6204.21.00,62,,si,si,2022-08-25,2023-12-27
6204.22.00,62,,si,si,2022-08-25,2023-12-27
6204.23.00,62,,si,si,2022-08-25,2023-12-27
6204.29.00,62,,si,si,2022-08-25,2023-12-27
6204.31.00,62,,si,si,2022-08-25,2023-12-27
6204.32.00,62,,si,si,2022-08-25,2023-12-27
6204.33.00,62,,si,si,2022-08-25,2023-12-27
6204.39.00,62,,si,si,2022-08-25,2023-12-27
6204.41.00,62,,si,si,2022-08-25,2023-12-27
6204.42.00,62,,si,si,2022-08-25,2023-12-27
6204.43.00,62,,si,si,2022-08-25,2023-12-27
6204.44.00,62,,si,si,2022-08-25,2023-12-27
6204.49.00,62,,si,si,2022-08-25,2023-12-27
6204.51.00,62,,si,si,2022-08-25,2023-12-27
6204.52.00,62,,si,si,2022-08-25,2023-12-27
6204.53.00,62,,si,si,2022-08-25,2023-12-27
6204.59.00,62,,si,si,2022-08-25,2023-12-27
6204.61.00,62,,si,si,2022-08-25,2023-12-27
6204.62.00,62,,si,si,2022-08-25,2023-12-27
6204.63.00,62,,si,si,2022-08-25,2023-12-27
6204.69.00,62,,si,si,2022-08-25,2023-12-27
6205.20.00,62,,si,si,2022-08-25,2023-12-27
6205.30.00,62,,si,si,2022-08-25,2023-12-27
6205.90.10,62,,si,si,2022-08-25,2023-12-27
6205.90.90,62,,si,si,2022-08-25,2023-12-27
6206.10.00,62,,si,si,2022-08-25,2023-12-27
6206.20.00,62,,si,si,2022-08-25,2023-12-27
6206.30.00,62,,si,si,2022-08-25,2023-12-27
6206.40.00,62,,si,si,2022-08-25,2023-12-27
6206.90.00,62,,si,si,2022-08-25,2023-12-27
6207.11.00,62,,si,si,2022-08-25,2023-12-27
6207.19.00,62,,si,si,2022-08-25,2023-12-27
6207.21.00,62,,si,si,2022-08-25,2023-12-27
6207.22.00,62,,si,si,2022-08-25,2023-12-27
6207.29.00,62,,si,si,2022-08-25,2023-12-27
6207.91.00,62,,si,si,2022-08-25,2023-12-27
6207.99.10,62,,si,si,2022-08-25,2023-12-27
6207.99.90,62,,si,si,2022-08-25,2023-12-27
6208.11.00,62,,si,si,2022-08-25,2023-12-27
6208.19.00,62,,si,si,2022-08-25,2023-12-27
6208.21.00,62,,si,si,2022-08-25,2023-12-27
6208.22.00,62,,si,si,2022-08-25,2023-12-27
6208.29.00,62,,si,si,2022-08-25,2023-12-27
6208.91.00,62,,si,si,2022-08-25,2023-12-27
6208.92.00,62,,si,si,2022-08-25,2023-12-27
6208.99.00,62,,si,si,2022-08-25,2023-12-27
6209.20.00,62,,si,si,2022-08-25,2023-12-27
6209.30.00,62,,si,si,2022-08-25,2023-12-27
6209.90.10,62,,si,si,2022-08-25,2023-12-27
6209.90.90,62,,si,si,2022-08-25,2023-12-27
6210.10.00,62,,no,si,2022-10-04,2023-12-27
6210.20.00,62,,si,si,2022-08-25,2023-12-27
6210.30.00,62,,si,si,2022-08-25,2023-12-27
6210.40.00,62,,si,si,2022-08-25,2023-12-27
6210.50.00,62,,si,si,2022-08-25,2023-12-27
6211.11.00,62,,si,si,2022-08-25,2023-12-27
6211.12.00,62,,si,si,2022-08-25,2023-12-27
6211.20.00,62,,si,si,2022-08-25,2023-12-27
6211.32.00,62,,si,si,2022-08-25,2023-12-27
6211.33.00,62,,si,si,2022-08-25,2023-12-27
6211.39.10,62,,si,si,2022-08-25,2023-12-27
6211.39.90,62,,si,si,2022-08-25,2023-12-27
6211.42.00,62,,si,si,2022-08-25,2023-12-27
6211.43.00,62,,si,si,2022-08-25,2023-12-27
6211.49.00,62,,si,si,2022-08-25,2023-12-27
6212.10.00,62,,si,si,2022-08-25,2023-12-27
6212.20.00,62,,si,si,2022-08-25,2023-12-27
6212.30.00,62,,si,si,2022-08-25,2023-12-27
6212.90.00,62,,si,si,2022-08-25,2023-12-27
6213.20.00,62,,si,si,2022-08-25,2023-12-27
6213.90.10,62,,si,si,2022-08-25,2023-12-27
6213.90.90,62,,si,si,2022-08-25,2023-12-27
6214.10.00,62,,si,si,2022-08-25,2023-12-27
6214.20.00,62,,si,si,2022-08-25,2023-12-27
6214.30.00,62,,si,si,2022-08-25,2023-12-27
6214.40.00,62,,si,si,2022-08-25,2023-12-27
6214.90.10,62,,si,si,2022-08-25,2023-12-27
6214.90.90,62,,si,si,2022-08-25,2023-12-27
6215.10.00,62,,si,si,2022-08-25,2023-12-27
6215.20.00,62,,si,si,2022-08-25,2023-12-27
6215.90.00,62,,si,si,2022-08-25,2023-12-27
6216.00.00,62,,si,si,2022-08-25,2023-12-27
6217.10.00,62,,si,si,2022-08-25,2023-12-27
6217.90.00,62,,si,si,2022-08-25,2023-12-27
6301.10.00,63,,no,si,2022-10-04,2023-12-27
6301.20.00,63,,si,si,2022-08-25,2023-12-27
6301.30.00,63,,si,si,2022-08-25,2023-12-27
6301.40.00,63,,si,si,2022-08-25,2023-12-27
6301.90.00,63,,si,si,2022-08-25,2023-12-27
6302.10.00,63,,si,si,2022-08-25,2023-12-27
6302.21.00,63,,si,si,2022-08-25,2023-12-27
6302.22.00,63,,si,si,2022-08-25,2023-12-27
6302.29.00,63,,si,si,2022-08-25,2023-12-27
6302.31.00,63,,si,si,2022-08-25,2023-12-27
6302.32.00,63,,si,si,2022-08-25,2023-12-27
6302.39.00,63,,si,si,2022-08-25,2023-12-27
6302.40.00,63,,si,si,2022-08-25,2023-12-27
6302.51.00,63,,si,si,2022-08-25,2023-12-27
6302.53.00,63,,si,si,2022-08-25,2023-12-27
6302.59.10,63,,si,si,2022-08-25,2023-12-27
6302.59.90,63,,si,si,2022-08-25,2023-12-27
6302.60.00,63,,si,si,2022-08-25,2023-12-27
6302.91.00,63,,si,si,2022-08-25,2023-12-27
6302.93.00,63,,si,si,2022-08-25,2023-12-27
6302.99.10,63,,si,si,2022-08-25,2023-12-27
6302.99.90,63,,si,si,2022-08-25,2023-12-27
6303.12.00,63,,no,si,2022-10-04,2023-12-27
6303.19.10,63,,no,si,2022-10-04,2023-12-27
6303.19.90,63,,no,si,2022-10-04,2023-12-27
6303.91.00,63,,si,si,2022-08-25,2023-12-27
6303.92.00,63,,si,si,2022-08-25,2023-12-27
6303.99.00,63,,no,si,2022-10-04,2023-12-27
6304.11.00,63,,si,si,2022-08-25,2023-12-27
6304.19.10,63,,si,si,2022-08-25,2023-12-27
6304.19.90,63,,si,si,2022-08-25,2023-12-27
6304.20.00,63,,si,si,2022-08-25,2023-12-27
6304.91.00,63,,si,si,2022-08-25,2023-12-27
6304.92.00,63,,si,si,2022-08-25,2023-12-27
6304.93.00,63,,si,si,2022-08-25,2023-12-27
6304.99.00,63,,si,si,2022-08-25,2023-12-27
6305.10.00,63,,no,si,2022-10-04,2023-12-27
6305.20.00,63,,no,si,2022-10-04,2023-12-27
6305.32.00,63,,si,si,2022-08-25,2023-12-27
6305.33.10,63,,si,si,2022-08-25,2023-12-27
6305.33.90,63,,si,si,2022-08-25,2023-12-27
6305.39.00,63,,si,si,2022-08-25,2023-12-27
6305.90.00,63,,no,si,2022-10-04,2023-12-27
6306.12.00,63,,si,si,2022-08-25,2023-12-27
6306.19.10,63,,no,si,2022-10-04,2023-12-27
6306.19.90,63,,no,si,2022-10-04,2023-12-27
6306.22.00,63,,no,si,2022-10-04,2023-12-27
6306.29.10,63,,no,si,2022-10-04,2023-12-27
6306.29.90,63,,no,si,2022-10-04,2023-12-27
6306.30.10,63,,no,si,2022-10-04,2023-12-27
6306.30.90,63,,no,si,2022-10-04,2023-12-27
6306.40.10,63,,no,si,2022-10-04,2023-12-27
6306.40.90,63,,no,si,2022-10-04,2023-12-27
6306.90.00,63,,no,si,2022-10-04,2023-12-27
6307.10.00,63,,si,si,2022-08-25,2023-12-27
6307.20.00,63,,si,si,2022-08-25,2023-12-27
6307.90.10,63,,no,si,2022-10-04,2023-12-27
6307.90.20,63,,no,si,2022-10-04,2023-12-27
6307.90.90,63,,si,si,2022-08-25,2023-12-27
6308.00.00,63,,no,si,2022-10-04,2023-12-27
6309.00.10,63,,no,si,2022-10-04,2023-12-27
6309.00.90,63,,no,si,2022-10-04,2023-12-27
6310.10.00,63,,si,si,2022-08-25,2023-12-27
6310.90.00,63,,si,si,2022-08-25,2023-12-27
6401.10.00,64,,si,si,2022-08-25,2023-12-27
6401.92.00,64,,si,si,2022-08-25,2023-12-27
6401.99.10,64,,si,si,2022-08-25,2023-12-27
6401.99.90,64,,si,si,2022-08-25,2023-12-27
6402.12.00,64,,no,si,2022-10-04,2023-12-27
6402.19.00,64,,si,si,2022-08-25,2023-12-27
6402.20.00,64,,si,si,2022-08-25,2023-12-27
6402.91.10,64,,si,si,2022-08-25,2023-12-27
6402.91.90,64,,si,si,2022-08-25,2023-12-27
6402.99.10,64,,si,si,2022-08-25,2023-12-27
6402.99.90,64,,si,si,2022-08-25,2023-12-27
6403.12.00,64,,no,si,2022-10-04,2023-12-27
6403.19.00,64,,si,si,2022-08-25,2023-12-27
6403.20.00,64,,si,si,2022-08-25,2023-12-27
6403.40.00,64,,si,si,2022-08-25,2023-12-27
6403.51.10,64,,si,si,2022-08-25,2023-12-27
6403.51.90,64,,si,si,2022-08-25,2023-12-27
6403.59.10,64,,si,si,2022-08-25,2023-12-27
6403.59.90,64,,si,si,2022-08-25,2023-12-27
6403.91.10,64,,si,si,2022-08-25,2023-12-27
6403.91.90,64,,si,si,2022-08-25,2023-12-27
6403.99.10,64,,si,si,2022-08-25,2023-12-27
6403.99.90,64,,si,si,2022-08-25,2023-12-27
6404.11.00,64,,si,si,2022-08-25,2023-12-27
6404.19.00,64,,si,si,2022-08-25,2023-12-27
6404.20.00,64,,si,si,2022-08-25,2023-12-27
6405.10.10,64,,si,si,2022-08-25,2023-12-27
6405.10.20,64,,si,si,2022-08-25,2023-12-27
6405.10.90,64,,si,si,2022-08-25,2023-12-27
6405.20.00,64,,si,si,2022-08-25,2023-12-27
6405.90.00,64,,si,si,2022-08-25,2023-12-27
6406.10.00,64,,si,si,2022-08-25,2023-12-27
6406.20.00,64,,si,si,2022-08-25,2023-12-27
6406.90.10,64,,no,si,2022-10-04,2023-12-27
6406.90.20,64,,no,si,2022-10-04,2023-12-27
6406.90.90,64,,no,si,2022-10-04,2023-12-27
6501.00.00,65,,no,si,2022-10-04,2023-12-27
6502.00.10,65,,no,si,2022-10-04,2023-12-27
6502.00.90,65,,no,si,2022-10-04,2023-12-27
6504.00.10,65,,no,si,2022-10-04,2023-12-27
6504.00.90,65,,no,si,2022-10-04,2023-12-27
6505.00.11,65,,no,si,2022-10-04,2023-12-27
6505.00.12,65,,no,si,2022-10-04,2023-12-27
6505.00.19,65,,no,si,2022-10-04,2023-12-27
6505.00.21,65,,si,si,2022-08-25,2023-12-27
6505.00.22,65,,no,si,2022-10-04,2023-12-27
6505.00.29,65,,si,si,2022-08-25,2023-12-27
6505.00.31,65,,no,si,2022-10-04,2023-12-27
6505.00.32,65,,no,si,2022-10-04,2023-12-27
6505.00.39,65,,no,si,2022-10-04,2023-12-27
6505.00.90,65,,no,si,2022-10-04,2023-12-27
6506.10.00,65,,si,si,2022-08-25,2023-12-27
6506.91.00,65,,no,si,2022-10-04,2023-12-27
6506.99.00,65,,no,si,2022-10-04,2023-12-27
6507.00.00,65,,no,si,2022-10-04,2023-12-27
6601.10.00,66,,no,si,2022-10-04,2023-12-27
6601.91.10,66,,no,si,2022-10-04,2023-12-27
6601.91.90,66,,no,si,2022-10-04,2023-12-27
6601.99.00,66,,no,si,2022-10-04,2023-12-27
6602.00.00,66,,no,si,2022-10-04,2023-12-27
6603.20.00,66,,no,si,2022-10-04,2023-12-27
6603.90.00,66,,no,si,2022-10-04,2023-12-27
6701.00.00,67,,no,si,2022-10-04,2023-12-27
6702.10.00,67,,no,si,2022-10-04,2023-12-27
6702.90.00,67,,no,si,2022-10-04,2023-12-27
6703.00.00,67,,no,si,2022-10-04,2023-12-27
6704.11.00,67,,no,si,2022-10-04,2023-12-27
6704.19.00,67,,no,si,2022-10-04,2023-12-27
6704.20.00,67,,no,si,2022-10-04,2023-12-27
6704.90.00,67,,no,si,2022-10-04,2023-12-27
6810.19.00,68,,si,si,2022-08-25,2023-12-27
6813.81.90,68,,si,si,2022-08-25,2023-12-27
6813.89.10,68,,si,si,2022-08-25,2023-12-27
6905.10.00,69,,si,si,2022-08-25,2023-12-27
6907.21.00,69,,si,si,2022-08-25,2023-12-27
6907.22.00,69,,si,si,2022-08-25,2023-12-27
6907.23.00,69,,si,si,2022-08-25,2023-12-27
6907.30.00,69,,si,si,2022-08-25,2023-12-27
6907.40.00,69,,si,si,2022-08-25,2023-12-27
6910.10.00,69,,si,si,2022-08-25,2023-12-27
6910.90.00,69,,si,si,2022-08-25,2023-12-27
6911.10.10,69,,si,si,2022-08-25,2023-12-27
6911.10.90,69,,si,si,2022-08-25,2023-12-27
6912.00.00,69,,si,si,2022-08-25,2023-12-27
6914.10.00,69,,si,si,2022-08-25,2023-12-27
7007.11.00,70,,si,si,2022-08-25,2023-12-27
7007.21.00,70,,si,si,2022-08-25,2023-12-27
7009.10.00,70,,si,si,2022-08-25,2023-12-27
7117.19.00,71,,si,si,2022-08-25,2023-12-27
7208.26.10,72,,si,si,2022-08-25,2023-12-27
7208.27.10,72,,si,si,2022-08-25,2023-12-27
7208.51.00,72,,si,si,2022-08-25,2023-12-27
7208.52.00,72,,no,si,2022-10-04,2023-12-27
7304.19.00,73,,si,si,2022-08-25,2023-12-27
7304.29.10,73,,si,si,2022-08-25,2023-12-27
7304.29.31,73,,si,si,2022-08-25,2023-12-27
7304.29.39,73,,si,si,2022-08-25,2023-12-27
7304.31.10,73,,si,si,2022-08-25,2023-12-27
7304.39.10,73,,si,si,2022-08-25,2023-12-27
7304.39.90,73,,si,si,2022-08-25,2023-12-27
7304.51.90,73,,si,si,2022-08-25,2023-12-27
7304.59.90,73,,si,si,2022-08-25,2023-12-27
7305.11.00,73,,si,si,2022-08-25,2023-12-27
7305.12.00,73,,si,si,2022-08-25,2023-12-27
7306.19.00,73,,si,si,2022-08-25,2023-12-27
7306.29.00,73,,si,si,2022-08-25,2023-12-27
7306.30.00,73,,si,si,2022-08-25,2023-12-27
7306.50.00,73,,si,si,2022-08-25,2023-12-27
7306.61.00,73,,si,si,2022-08-25,2023-12-27
7307.19.20,73,,si,si,2022-08-25,2023-12-27
7307.93.00,73,,si,si,2022-08-25,2023-12-27
7308.20.00,73,BK,si,si,2022-08-25,2023-12-27
7308.30.00,73,,si,si,2022-08-25,2023-12-27
7308.40.00,73,,si,si,2022-08-25,2023-12-27
7308.90.10,73,,si,si,2022-08-25,2023-12-27
7308.90.90,73,,si,si,2022-08-25,2023-12-27
7309.00.10,73,BK,si,si,2022-08-25,2023-12-27
7309.00.90,73,BK,si,si,2022-08-25,2023-12-27
7310.10.90,73,,si,si,2022-08-25,2023-12-27
7311.00.00,73,,si,si,2022-08-25,2023-12-27
7312.10.90,73,,si,si,2022-08-25,2023-12-27
7312.90.00,73,,si,si,2022-08-25,2023-12-27
7313.00.00,73,,si,si,2022-08-25,2023-12-27
7315.20.00,73,,si,si,2022-08-25,2023-12-27
7315.82.00,73,,si,si,2022-08-25,2023-12-27
7320.20.10,73,,si,si,2022-08-25,2023-12-27
7320.20.90,73,,si,si,2022-08-25,2023-12-27
7321.11.00,73,,si,si,2022-08-25,2023-12-27
7321.81.00,73,,si,si,2022-08-25,2023-12-27
7321.82.00,73,,si,si,2022-08-25,2023-12-27
7321.89.00,73,,si,si,2022-08-25,2023-12-27
7321.90.00,73,,si,si,2022-08-25,2023-12-27
7322.19.00,73,,si,si,2022-08-25,2023-12-27
7326.11.00,73,,si,si,2022-08-25,2023-12-27
7326.19.00,73,,si,si,2022-08-25,2023-12-27
7326.90.90,73,,si,si,2022-08-25,2023-12-27
7408.29.90,74,,si,si,2022-08-25,2023-12-27
7413.00.00,74,,si,si,2022-08-25,2023-12-27
7419.99.90,74,,si,si,2022-08-25,2023-12-27
7601.20.00,76,,si,si,2022-08-25,2023-12-27
7604.10.21,76,,si,si,2022-08-25,2023-12-27
7604.10.29,76,,si,si,2022-08-25,2023-12-27
7604.21.00,76,,si,si,2022-08-25,2023-12-27
7604.29.20,76,,si,si,2022-08-25,2023-12-27
7607.19.90,76,,si,si,2022-08-25,2023-12-27
7607.20.00,76,,si,si,2022-08-25,2023-12-27
7610.10.00,76,,si,si,2022-08-25,2023-12-27
7610.90.00,76,,si,si,2022-08-25,2023-12-27
7612.10.00,76,,si,si,2022-08-25,2023-12-27
7612.90.11,76,,si,si,2022-08-25,2023-12-27
7612.90.19,76,,si,si,2022-08-25,2023-12-27
7614.10.10,76,,si,si,2022-08-25,2023-12-27
7614.10.90,76,,si,si,2022-08-25,2023-12-27
7614.90.10,76,,si,si,2022-08-25,2023-12-27
7615.10.00,76,,si,si,2022-08-25,2023-12-27
7616.99.00,76,,si,si,2022-08-25,2023-12-27
8201.10.00,82,,si,si,2022-08-25,2023-12-27
8201.30.00,82,,si,si,2022-08-25,2023-12-27
8201.50.00,82,,si,si,2022-08-25,2023-12-27
8201.60.00,82,,si,si,2022-08-25,2023-12-27
8202.10.00,82,,si,si,2022-08-25,2023-12-27
8203.20.10,82,,si,si,2022-08-25,2023-12-27
8203.20.90,82,,si,si,2022-08-25,2023-12-27
8204.11.00,82,,si,si,2022-08-25,2023-12-27
8204.12.00,82,,si,si,2022-08-25,2023-12-27
8204.20.00,82,,si,si,2022-08-25,2023-12-27
8205.20.00,82,,si,si,2022-08-25,2023-12-27
8205.40.00,82,,si,si,2022-08-25,2023-12-27
8206.00.00,82,,si,si,2022-08-25,2023-12-27
8207.20.00,82,,si,si,2022-08-25,2023-12-27
8207.70.10,82,,si,si,2022-08-25,2023-12-27
8211.10.00,82,,si,si,2022-08-25,2023-12-27
8211.91.00,82,,si,si,2022-08-25,2023-12-27
8211.92.10,82,,si,si,2022-08-25,2023-12-27
8212.10.20,82,,si,si,2022-08-25,2023-12-27
8212.20.10,82,,si,si,2022-08-25,2023-12-27
8215.20.00,82,,si,si,2022-08-25,2023-12-27
8215.99.10,82,,si,si,2022-08-25,2023-12-27
8302.10.00,83,,si,si,2022-08-25,2023-12-27
8302.41.00,83,,si,si,2022-08-25,2023-12-27
8302.50.00,83,,si,si,2022-08-25,2023-12-27
8303.00.00,83,,si,si,2022-08-25,2023-12-27
8305.20.00,83,,si,si,2022-08-25,2023-12-27
8307.10.90,83,,si,si,2022-08-25,2023-12-27
8307.90.00,83,,si,si,2022-08-25,2023-12-27
8311.10.00,83,,si,si,2022-08-25,2023-12-27
8311.20.00,83,,si,si,2022-08-25,2023-12-27
8401.10.00,84,BK,no,si,2022-10-04,2023-12-27
8401.20.00,84,BK,no,si,2022-10-04,2023-12-27
8401.30.00,84,,no,si,2022-10-04,2023-12-27
8401.40.00,84,BK,no,si,2022-10-04,2023-12-27
8402.11.00,84,BK,si,si,2022-08-25,2023-12-27
8402.12.00,84,BK,si,si,2022-08-25,2023-12-27
8402.19.00,84,BK,si,si,2022-08-25,2023-12-27
8402.20.00,84,BK,no,si,2022-10-04,2023-12-27
8402.90.00,84,BK,si,si,2022-08-25,2023-12-27
8403.10.10,84,,si,si,2022-08-25,2023-12-27
8403.10.90,84,BK,no,si,2022-10-04,2023-12-27
8403.90.00,84,BK,no,si,2022-10-04,2023-12-27
8404.10.10,84,BK,si,si,2022-08-25,2023-12-27
8404.10.20,84,BK,no,si,2022-10-04,2023-12-27
8404.20.00,84,BK,no,si,2022-10-04,2023-12-27
8404.90.10,84,BK,no,si,2022-10-04,2023-12-27
8404.90.90,84,BK,no,si,2022-10-04,2023-12-27
8405.10.00,84,BK,si,si,2022-08-25,2023-12-27
8405.90.00,84,BK,no,si,2022-10-04,2023-12-27
8406.10.00,84,BK,no,si,2022-10-04,2023-12-27
8406.81.00,84,BK,no,si,2022-10-04,2023-12-27
8406.82.00,84,BK,no,si,2022-10-04,2023-12-27
8406.90.11,84,BK,no,si,2022-10-04,2023-12-27
8406.90.19,84,BK,no,si,2022-10-04,2023-12-27
8406.90.21,84,BK,no,si,2022-10-04,2023-12-27
8406.90.29,84,BK,no,si,2022-10-04,2023-12-27
8406.90.90,84,BK,no,si,2022-10-04,2023-12-27
8407.10.00,84,BK,no,si,2022-10-04,2023-12-27
8407.21.10,84,BK,no,si,2022-10-04,2023-12-27
8407.21.90,84,BK,no,si,2022-10-04,2023-12-27
8407.29.10,84,BK,no,si,2022-10-04,2023-12-27
8407.29.90,84,BK,no,si,2022-10-04,2023-12-27
8407.31.10,84,,no,si,2022-10-04,2023-12-27
8407.31.90,84,,no,si,2022-10-04,2023-12-27
8407.32.00,84,,no,si,2022-10-04,2023-12-27
8407.33.10,84,,no,si,2022-10-04,2023-12-27
8407.33.90,84,,no,si,2022-10-04,2023-12-27
8407.34.10,84,,no,si,2022-10-04,2023-12-27
8407.34.90,84,,no,si,2022-10-04,2023-12-27
8407.90.00,84,BK,no,si,2022-10-04,2023-12-27
8408.10.10,84,BK,no,si,2022-10-04,2023-12-27
8408.10.90,84,BK,no,si,2022-10-04,2023-12-27
8408.20.10,84,,no,si,2022-10-04,2023-12-27
8408.20.20,84,,no,si,2022-10-04,2023-12-27
8408.20.30,84,,no,si,2022-10-04,2023-12-27
8408.20.90,84,,no,si,2022-10-04,2023-12-27
8408.90.10,84,BK,no,si,2022-10-04,2023-12-27
8408.90.90,84,BK,si,si,2022-08-25,2023-12-27
8409.10.00,84,BK,no,si,2022-10-04,2023-12-27
8409.91.11,84,,si,si,2022-08-25,2023-12-27
8409.91.12,84,,no,si,2022-10-04,2023-12-27
8409.91.13,84,,no,si,2022-10-04,2023-12-27
8409.91.14,84,,si,si,2022-08-25,2023-12-27
8409.91.15,84,,no,si,2022-10-04,2023-12-27
8409.91.16,84,,si,si,2022-08-25,2023-12-27
8409.91.17,84,,si,si,2022-08-25,2023-12-27
8409.91.18,84,,no,si,2022-10-04,2023-12-27
8409.91.20,84,,si,si,2022-08-25,2023-12-27
8409.91.30,84,,no,si,2022-10-04,2023-12-27
8409.91.40,84,BIT,no,si,2022-10-04,2023-12-27
8409.91.90,84,,no,si,2022-10-04,2023-12-27
8409.99.12,84,,no,si,2022-10-04,2023-12-27
8409.99.14,84,,si,si,2022-08-25,2023-12-27
8409.99.15,84,,no,si,2022-10-04,2023-12-27
8409.99.17,84,,no,si,2022-10-04,2023-12-27
8409.99.21,84,,no,si,2022-10-04,2023-12-27
8409.99.29,84,,si,si,2022-08-25,2023-12-27
8409.99.30,84,,si,si,2022-08-25,2023-12-27
8409.99.41,84,,no,si,2022-10-04,2023-12-27
8409.99.49,84,,no,si,2022-10-04,2023-12-27
8409.99.51,84,,no,si,2022-10-04,2023-12-27
8409.99.59,84,,no,si,2022-10-04,2023-12-27
8409.99.61,84,,no,si,2022-10-04,2023-12-27
8409.99.69,84,,no,si,2022-10-04,2023-12-27
8409.99.71,84,,no,si,2022-10-04,2023-12-27
8409.99.79,84,,no,si,2022-10-04,2023-12-27
8409.99.91,84,,no,si,2022-10-04,2023-12-27
8409.99.99,84,,si,si,2022-08-25,2023-12-27
8410.11.00,84,BK,no,si,2022-10-04,2023-12-27
8410.12.00,84,BK,no,si,2022-10-04,2023-12-27
8410.13.00,84,BK,no,si,2022-10-04,2023-12-27
8410.90.00,84,BK,no,si,2022-10-04,2023-12-27
8411.11.00,84,BK,no,si,2022-10-04,2023-12-27
8411.12.00,84,BK,no,si,2022-10-04,2023-12-27
8411.21.00,84,BK,no,si,2022-10-04,2023-12-27
8411.22.00,84,BK,no,si,2022-10-04,2023-12-27
8411.81.00,84,BK,no,si,2022-10-04,2023-12-27
8411.82.00,84,BK,no,si,2022-10-04,2023-12-27
8411.91.00,84,BK,no,si,2022-10-04,2023-12-27
8411.99.00,84,BK,no,si,2022-10-04,2023-12-27
8412.10.00,84,BK,no,si,2022-10-04,2023-12-27
8412.21.10,84,BK,no,si,2022-10-04,2023-12-27
8412.21.90,84,BK,si,si,2022-08-25,2023-12-27
8412.29.00,84,BK,no,si,2022-10-04,2023-12-27
8412.31.10,84,BK,si,si,2022-08-25,2023-12-27
8412.31.90,84,BK,si,si,2022-08-25,2023-12-27
8412.39.00,84,BK,no,si,2022-10-04,2023-12-27
8412.80.00,84,BK,no,si,2022-10-04,2023-12-27
8412.90.10,84,BK,no,si,2022-10-04,2023-12-27
8412.90.20,84,BK,no,si,2022-10-04,2023-12-27
8412.90.80,84,BK,no,si,2022-10-04,2023-12-27
8412.90.90,84,BK,no,si,2022-10-04,2023-12-27
8413.11.00,84,BK,no,si,2022-10-04,2023-12-27
8413.19.00,84,BK,no,si,2022-10-04,2023-12-27
8413.20.00,84,,no,si,2022-10-04,2023-12-27
8413.30.10,84,,si,si,2022-08-25,2023-12-27
8413.30.20,84,,no,si,2022-10-04,2023-12-27
8413.30.30,84,,si,si,2022-08-25,2023-12-27
8413.30.90,84,,si,si,2022-08-25,2023-12-27
8413.40.00,84,BK,no,si,2022-10-04,2023-12-27
8413.50.10,84,BK,si,si,2022-08-25,2023-12-27
8413.50.90,84,BK,si,si,2022-08-25,2023-12-27
8413.60.11,84,BK,no,si,2022-10-04,2023-12-27
8413.60.19,84,BK,si,si,2022-08-25,2023-12-27
8413.60.90,84,BK,si,si,2022-08-25,2023-12-27
8413.70.10,84,BK,no,si,2022-10-04,2023-12-27
8413.70.80,84,BK,si,si,2022-08-25,2023-12-27
8413.70.90,84,BK,no,si,2022-10-04,2023-12-27
8413.81.00,84,BK,no,si,2022-10-04,2023-12-27
8413.82.00,84,BK,no,si,2022-10-04,2023-12-27
8413.91.10,84,BK,si,si,2022-08-25,2023-12-27
8413.91.90,84,BK,no,si,2022-10-04,2023-12-27
8413.92.00,84,BK,si,si,2022-08-25,2023-12-27
8414.10.00,84,BK,si,si,2022-08-25,2023-12-27
8414.20.00,84,,no,si,2022-10-04,2023-12-27
8414.30.11,84,,no,si,2022-10-04,2023-12-27
8414.30.19,84,BK,no,si,2022-10-04,2023-12-27
8414.30.91,84,,no,si,2022-10-04,2023-12-27
8414.30.99,84,BK,si,si,2022-08-25,2023-12-27
8414.40.10,84,BK,no,si,2022-10-04,2023-12-27
8414.40.20,84,BK,si,si,2022-08-25,2023-12-27
8414.40.90,84,BK,no,si,2022-10-04,2023-12-27
8414.51.10,84,,si,si,2022-08-25,2023-12-27
8414.51.20,84,,si,si,2022-08-25,2023-12-27
8414.51.90,84,,si,si,2022-08-25,2023-12-27
8414.59.10,84,BK,no,si,2022-10-04,2023-12-27
8414.59.90,84,BK,si,si,2022-08-25,2023-12-27
8414.60.00,84,,si,si,2022-08-25,2023-12-27
8414.80.11,84,BK,no,si,2022-10-04,2023-12-27
8414.80.12,84,BK,si,si,2022-08-25,2023-12-27
8414.80.13,84,BK,no,si,2022-10-04,2023-12-27
8414.80.19,84,BK,no,si,2022-10-04,2023-12-27
8414.80.21,84,BK,no,si,2022-10-04,2023-12-27
8414.80.22,84,BK,no,si,2022-10-04,2023-12-27
8414.80.29,84,BK,no,si,2022-10-04,2023-12-27
8414.80.31,84,BK,si,si,2022-08-25,2023-12-27
8414.80.32,84,BK,si,si,2022-08-25,2023-12-27
8414.80.33,84,BK,no,si,2022-10-04,2023-12-27
8414.80.38,84,BK,no,si,2022-10-04,2023-12-27
8414.80.39,84,BK,no,si,2022-10-04,2023-12-27
8414.80.90,84,BK,no,si,2022-10-04,2023-12-27
8414.90.10,84,BK,no,si,2022-10-04,2023-12-27
8414.90.20,84,,si,si,2022-08-25,2023-12-27
8414.90.31,84,BK,no,si,2022-10-04,2023-12-27
8414.90.32,84,BK,no,si,2022-10-04,2023-12-27
8414.90.33,84,BK,no,si,2022-10-04,2023-12-27
8414.90.34,84,BK,no,si,2022-10-04,2023-12-27
8414.90.39,84,BK,no,si,2022-10-04,2023-12-27
8415.10.11,84,,si,si,2022-08-25,2023-12-27
8415.10.19,84,,si,si,2022-08-25,2023-12-27
8415.10.90,84,BK,no,si,2022-10-04,2023-12-27
8415.20.10,84,,si,si,2022-08-25,2023-12-27
8415.20.90,84,BK,si,si,2022-08-25,2023-12-27
8415.81.10,84,,no,si,2022-10-04,2023-12-27
8415.81.90,84,BK,no,si,2022-10-04,2023-12-27
8415.82.10,84,,no,si,2022-10-04,2023-12-27
8415.82.90,84,BK,no,si,2022-10-04,2023-12-27
8415.83.00,84,BK,no,si,2022-10-04,2023-12-27
8415.90.10,84,,no,si,2022-10-04,2023-12-27
8415.90.20,84,,no,si,2022-10-04,2023-12-27
8415.90.90,84,BK,si,si,2022-08-25,2023-12-27
8416.10.00,84,BK,si,si,2022-08-25,2023-12-27
8416.20.10,84,BK,si,si,2022-08-25,2023-12-27
8416.20.90,84,BK,si,si,2022-08-25,2023-12-27
8416.30.00,84,BK,no,si,2022-10-04,2023-12-27
8416.90.00,84,BK,no,si,2022-10-04,2023-12-27
8417.10.10,84,BK,no,si,2022-10-04,2023-12-27
8417.10.20,84,BK,no,si,2022-10-04,2023-12-27
8417.10.90,84,BK,no,si,2022-10-04,2023-12-27
8417.20.00,84,BK,si,si,2022-08-25,2023-12-27
8417.80.10,84,BK,no,si,2022-10-04,2023-12-27
8417.80.20,84,BK,no,si,2022-10-04,2023-12-27
8417.80.90,84,BK,no,si,2022-10-04,2023-12-27
8417.90.00,84,BK,no,si,2022-10-04,2023-12-27
8418.10.00,84,,si,si,2022-08-25,2023-12-27
8418.21.00,84,,si,si,2022-08-25,2023-12-27
8418.29.00,84,,no,si,2022-10-04,2023-12-27
8418.30.00,84,,si,si,2022-08-25,2023-12-27
8418.40.00,84,,si,si,2022-08-25,2023-12-27
8418.50.10,84,BK,no,si,2022-10-04,2023-12-27
8418.50.90,84,BK,si,si,2022-08-25,2023-12-27
8418.61.00,84,BK,no,si,2022-10-04,2023-12-27
8418.69.10,84,BK,no,si,2022-10-04,2023-12-27
8418.69.20,84,BK,no,si,2022-10-04,2023-12-27
8418.69.31,84,,si,si,2022-08-25,2023-12-27
8418.69.32,84,,no,si,2022-10-04,2023-12-27
8418.69.40,84,,no,si,2022-10-04,2023-12-27
8418.69.91,84,BK,no,si,2022-10-04,2023-12-27
8418.69.99,84,BK,si,si,2022-08-25,2023-12-27
8418.81.10,84,,si,no,2022-08-25,2022-10-04
8418.91.00,84,,no,si,2022-10-04,2023-12-27
8418.99.00,84,BK,no,si,2022-10-04,2023-12-27
8419.11.00,84,,si,si,2022-08-25,2023-12-27
8419.19.10,84,,no,si,2022-10-04,2023-12-27
8419.19.90,84,,si,si,2022-08-25,2023-12-27
8419.31.00,84,BK,si,si,2022-08-25,2023-12-27
8419.32.00,84,BK,si,si,2022-08-25,2023-12-27
8419.39.00,84,BK,si,si,2022-08-25,2023-12-27
8419.40.10,84,BK,si,si,2022-08-25,2023-12-27
8419.40.20,84,BK,si,si,2022-08-25,2023-12-27
8419.40.90,84,BK,si,si,2022-08-25,2023-12-27
8419.50.10,84,BK,si,si,2022-08-25,2023-12-27
8419.50.21,84,BK,si,si,2022-08-25,2023-12-27
8419.50.22,84,BK,no,si,2022-10-04,2023-12-27
8419.50.29,84,BK,si,si,2022-08-25,2023-12-27
8419.50.90,84,BK,si,si,2022-08-25,2023-12-27
8419.60.00,84,BK,no,si,2022-10-04,2023-12-27
8419.81.10,84,BK,no,si,2022-10-04,2023-12-27
8419.81.90,84,BK,no,si,2022-10-04,2023-12-27
8419.89.11,84,BK,no,si,2022-10-04,2023-12-27
8419.89.19,84,BK,si,si,2022-08-25,2023-12-27
8419.89.20,84,BK,no,si,2022-10-04,2023-12-27
8419.89.30,84,BK,no,si,2022-10-04,2023-12-27
8419.89.40,84,BK,si,si,2022-08-25,2023-12-27
8419.89.91,84,BK,si,si,2022-08-25,2023-12-27
8419.89.99,84,BK,no,si,2022-10-04,2023-12-27
8419.90.10,84,,no,si,2022-10-04,2023-12-27
8419.90.20,84,BK,no,si,2022-10-04,2023-12-27
8419.90.31,84,BK,no,si,2022-10-04,2023-12-27
8419.90.39,84,BK,no,si,2022-10-04,2023-12-27
8419.90.40,84,BK,no,si,2022-10-04,2023-12-27
8419.90.90,84,BK,no,si,2022-10-04,2023-12-27
8420.10.10,84,BK,no,si,2022-10-04,2023-12-27
8420.10.90,84,BK,si,si,2022-08-25,2023-12-27
8420.91.00,84,BK,no,si,2022-10-04,2023-12-27
8420.99.00,84,BK,no,si,2022-10-04,2023-12-27
8421.11.10,84,BK,no,si,2022-10-04,2023-12-27
8421.11.90,84,BK,no,si,2022-10-04,2023-12-27
8421.12.10,84,,si,si,2022-08-25,2023-12-27
8421.12.90,84,BK,si,si,2022-08-25,2023-12-27
8421.19.10,84,BK,no,si,2022-10-04,2023-12-27
8421.19.90,84,BK,si,si,2022-08-25,2023-12-27
8421.21.00,84,BK,si,si,2022-08-25,2023-12-27
8421.22.00,84,BK,no,si,2022-10-04,2023-12-27
8421.23.00,84,,si,si,2022-08-25,2023-12-27
8421.29.11,84,BK,no,si,2022-10-04,2023-12-27
8421.29.19,84,BK,no,si,2022-10-04,2023-12-27
8421.29.20,84,BK,no,si,2022-10-04,2023-12-27
8421.29.30,84,BK,no,si,2022-10-04,2023-12-27
8421.29.90,84,BK,si,si,2022-08-25,2023-12-27
8421.31.00,84,,si,si,2022-08-25,2023-12-27
8421.39.10,84,BK,no,si,2022-10-04,2023-12-27
8421.39.20,84,,si,si,2022-08-25,2023-12-27
8421.39.30,84,BK,no,si,2022-10-04,2023-12-27
8421.39.90,84,BK,no,si,2022-10-04,2023-12-27
8421.91.10,84,,no,si,2022-10-04,2023-12-27
8421.91.91,84,BK,no,si,2022-10-04,2023-12-27
8421.91.99,84,BK,no,si,2022-10-04,2023-12-27
8421.99.10,84,BK,si,si,2022-08-25,2023-12-27
8421.99.20,84,,no,si,2022-10-04,2023-12-27
8421.99.91,84,BK,no,si,2022-10-04,2023-12-27
8421.99.99,84,BK,si,si,2022-08-25,2023-12-27
8422.11.00,84,,si,si,2022-08-25,2023-12-27
8422.19.00,84,BK,no,si,2022-10-04,2023-12-27
8422.20.00,84,BK,si,si,2022-08-25,2023-12-27
8422.30.10,84,BK,si,si,2022-08-25,2023-12-27
8422.30.21,84,BK,si,si,2022-08-25,2023-12-27
8422.30.22,84,BK,si,si,2022-08-25,2023-12-27
8422.30.23,84,BK,no,si,2022-10-04,2023-12-27
8422.30.29,84,BK,si,si,2022-08-25,2023-12-27
8422.30.30,84,BK,no,si,2022-10-04,2023-12-27
8422.40.10,84,,no,si,2022-10-04,2023-12-27
8422.40.20,84,BK,no,si,2022-10-04,2023-12-27
8422.40.30,84,BK,no,si,2022-10-04,2023-12-27
8422.40.90,84,BK,si,si,2022-08-25,2023-12-27
8422.90.10,84,,no,si,2022-10-04,2023-12-27
8422.90.90,84,BK,si,si,2022-08-25,2023-12-27
8423.10.00,84,,si,si,2022-08-25,2023-12-27
8423.20.00,84,BK,no,si,2022-10-04,2023-12-27
8423.30.11,84,BK,no,si,2022-10-04,2023-12-27
8423.30.19,84,BK,si,si,2022-08-25,2023-12-27
8423.30.90,84,BK,no,si,2022-10-04,2023-12-27
8423.81.10,84,BK,no,si,2022-10-04,2023-12-27
8423.81.90,84,BK,no,si,2022-10-04,2023-12-27
8423.82.00,84,BK,si,si,2022-08-25,2023-12-27
8423.89.00,84,BK,no,si,2022-10-04,2023-12-27
8423.90.10,84,,no,si,2022-10-04,2023-12-27
8423.90.21,84,,no,si,2022-10-04,2023-12-27
8423.90.29,84,BK,no,si,2022-10-04,2023-12-27
8424.10.00,84,,si,si,2022-08-25,2023-12-27
8424.20.00,84,BK,no,si,2022-10-04,2023-12-27
8424.30.10,84,BK,no,si,2022-10-04,2023-12-27
8424.30.20,84,BK,no,si,2022-10-04,2023-12-27
8424.30.30,84,BK,no,si,2022-10-04,2023-12-27
8424.30.90,84,BK,si,si,2022-08-25,2023-12-27
8424.41.00,84,BK,si,si,2022-08-25,2023-12-27
8424.49.00,84,BK,no,si,2022-10-04,2023-12-27
8424.82.21,84,BK,si,si,2022-08-25,2023-12-27
8424.82.29,84,BK,si,si,2022-08-25,2023-12-27
8424.82.90,84,BK,si,si,2022-08-25,2023-12-27
8424.89.10,84,,no,si,2022-10-04,2023-12-27
8424.89.20,84,BK,no,si,2022-10-04,2023-12-27
8424.89.90,84,BK,no,si,2022-10-04,2023-12-27
8424.90.10,84,,no,si,2022-10-04,2023-12-27
8424.90.90,84,BK,no,si,2022-10-04,2023-12-27
8425.11.00,84,BK,si,si,2022-08-25,2023-12-27
8425.19.10,84,,si,si,2022-08-25,2023-12-27
8425.19.90,84,BK,no,si,2022-10-04,2023-12-27
8425.31.10,84,BK,si,si,2022-08-25,2023-12-27
8425.31.90,84,BK,no,si,2022-10-04,2023-12-27
8425.39.10,84,BK,si,si,2022-08-25,2023-12-27
8425.39.90,84,BK,no,si,2022-10-04,2023-12-27
8425.41.00,84,BK,si,si,2022-08-25,2023-12-27
8425.42.00,84,,si,si,2022-08-25,2023-12-27
8425.49.10,84,,no,si,2022-10-04,2023-12-27
8425.49.90,84,BK,no,si,2022-10-04,2023-12-27
8426.11.00,84,BK,si,si,2022-08-25,2023-12-27
8426.12.00,84,BK,si,si,2022-08-25,2023-12-27
8426.19.00,84,BK,si,si,2022-08-25,2023-12-27
8426.20.00,84,BK,no,si,2022-10-04,2023-12-27
8426.30.00,84,BK,no,si,2022-10-04,2023-12-27
8426.41.10,84,BK,no,si,2022-10-04,2023-12-27
8426.41.90,84,BK,no,si,2022-10-04,2023-12-27
8426.49.10,84,BK,no,si,2022-10-04,2023-12-27
8426.49.90,84,BK,no,si,2022-10-04,2023-12-27
8426.91.00,84,BK,si,si,2022-08-25,2023-12-27
8426.99.00,84,BK,no,si,2022-10-04,2023-12-27
8427.10.11,84,BK,no,si,2022-10-04,2023-12-27
8427.10.19,84,BK,no,si,2022-10-04,2023-12-27
8427.10.90,84,BK,no,si,2022-10-04,2023-12-27
8427.20.10,84,BK,no,si,2022-10-04,2023-12-27
8427.20.90,84,BK,si,si,2022-08-25,2023-12-27
8427.90.00,84,BK,si,si,2022-08-25,2023-12-27
8428.10.00,84,BK,si,si,2022-08-25,2023-12-27
8428.20.10,84,BK,no,si,2022-10-04,2023-12-27
8428.20.90,84,BK,no,si,2022-10-04,2023-12-27
8428.31.00,84,BK,no,si,2022-10-04,2023-12-27
8428.32.00,84,BK,si,si,2022-08-25,2023-12-27
8428.33.00,84,BK,no,si,2022-10-04,2023-12-27
8428.39.10,84,BK,no,si,2022-10-04,2023-12-27
8428.39.20,84,BK,no,si,2022-10-04,2023-12-27
8428.39.30,84,BK,no,si,2022-10-04,2023-12-27
8428.39.90,84,BK,no,si,2022-10-04,2023-12-27
8428.40.00,84,BK,no,si,2022-10-04,2023-12-27
8428.60.00,84,BK,no,si,2022-10-04,2023-12-27
8428.90.10,84,BK,no,si,2022-10-04,2023-12-27
8428.90.20,84,BK,no,si,2022-10-04,2023-12-27
8428.90.30,84,BK,no,si,2022-10-04,2023-12-27
8428.90.90,84,BK,si,si,2022-08-25,2023-12-27
8429.11.10,84,BK,no,si,2022-10-04,2023-12-27
8429.11.90,84,BK,no,si,2022-10-04,2023-12-27
8429.19.10,84,BK,no,si,2022-10-04,2023-12-27
8429.19.90,84,BK,no,si,2022-10-04,2023-12-27
8429.20.10,84,BK,no,si,2022-10-04,2023-12-27
8429.20.90,84,BK,no,si,2022-10-04,2023-12-27
8429.30.00,84,BK,no,si,2022-10-04,2023-12-27
8429.40.00,84,BK,no,si,2022-10-04,2023-12-27
8429.51.11,84,BK,no,si,2022-10-04,2023-12-27
8429.51.19,84,BK,no,si,2022-10-04,2023-12-27
8429.51.21,84,BK,no,si,2022-10-04,2023-12-27
8429.51.29,84,BK,no,si,2022-10-04,2023-12-27
8429.51.91,84,BK,no,si,2022-10-04,2023-12-27
8429.51.92,84,BK,no,si,2022-10-04,2023-12-27
8429.51.99,84,BK,no,si,2022-10-04,2023-12-27
8429.52.11,84,BK,no,si,2022-10-04,2023-12-27
8429.52.12,84,BK,no,si,2022-10-04,2023-12-27
8429.52.19,84,BK,no,si,2022-10-04,2023-12-27
8429.52.20,84,BK,no,si,2022-10-04,2023-12-27
8429.52.90,84,BK,no,si,2022-10-04,2023-12-27
8429.59.00,84,BK,no,si,2022-10-04,2023-12-27
8430.10.00,84,BK,no,si,2022-10-04,2023-12-27
8430.20.00,84,BK,no,si,2022-10-04,2023-12-27
8430.31.10,84,BK,no,si,2022-10-04,2023-12-27
8430.31.90,84,BK,no,si,2022-10-04,2023-12-27
8430.39.10,84,BK,no,si,2022-10-04,2023-12-27
8430.39.90,84,BK,no,si,2022-10-04,2023-12-27
8430.41.10,84,BK,no,si,2022-10-04,2023-12-27
8430.41.20,84,BK,no,si,2022-10-04,2023-12-27
8430.41.30,84,BK,no,si,2022-10-04,2023-12-27
8430.41.90,84,BK,no,si,2022-10-04,2023-12-27
8430.49.10,84,BK,no,si,2022-10-04,2023-12-27
8430.49.20,84,BK,no,si,2022-10-04,2023-12-27
8430.49.90,84,BK,no,si,2022-10-04,2023-12-27
8430.50.00,84,BK,no,si,2022-10-04,2023-12-27
8430.61.00,84,BK,no,si,2022-10-04,2023-12-27
8430.69.11,84,BK,no,si,2022-10-04,2023-12-27
8430.69.19,84,BK,no,si,2022-10-04,2023-12-27
8430.69.90,84,BK,no,si,2022-10-04,2023-12-27
8431.10.10,84,,no,si,2022-10-04,2023-12-27
8431.10.90,84,BK,no,si,2022-10-04,2023-12-27
8431.20.11,84,BK,no,si,2022-10-04,2023-12-27
8431.20.19,84,BK,no,si,2022-10-04,2023-12-27
8431.20.90,84,BK,no,si,2022-10-04,2023-12-27
8431.31.10,84,BK,si,si,2022-08-25,2023-12-27
8431.31.90,84,BK,no,si,2022-10-04,2023-12-27
8431.39.00,84,BK,si,si,2022-08-25,2023-12-27
8431.41.00,84,BK,no,si,2022-10-04,2023-12-27
8431.42.00,84,BK,no,si,2022-10-04,2023-12-27
8431.43.10,84,BK,no,si,2022-10-04,2023-12-27
8431.43.90,84,BK,no,si,2022-10-04,2023-12-27
8431.49.10,84,BK,no,si,2022-10-04,2023-12-27
8431.49.21,84,BK,si,si,2022-08-25,2023-12-27
8431.49.22,84,BK,no,si,2022-10-04,2023-12-27
8431.49.23,84,BK,si,si,2022-08-25,2023-12-27
8431.49.29,84,BK,no,si,2022-10-04,2023-12-27
8432.10.00,84,BK,no,si,2022-10-04,2023-12-27
8432.21.00,84,BK,no,si,2022-10-04,2023-12-27
8432.29.00,84,BK,si,si,2022-08-25,2023-12-27
8432.31.10,84,BK,si,si,2022-08-25,2023-12-27
8432.31.90,84,BK,si,si,2022-08-25,2023-12-27
8432.39.10,84,BK,si,si,2022-08-25,2023-12-27
8432.39.90,84,BK,si,si,2022-08-25,2023-12-27
8432.41.00,84,BK,si,si,2022-08-25,2023-12-27
8432.42.00,84,BK,si,si,2022-08-25,2023-12-27
8432.80.00,84,BK,si,si,2022-08-25,2023-12-27
8432.90.00,84,BK,no,si,2022-10-04,2023-12-27
8433.11.00,84,,si,si,2022-08-25,2023-12-27
8433.19.00,84,,si,si,2022-08-25,2023-12-27
8433.20.10,84,BK,no,si,2022-10-04,2023-12-27
8433.20.90,84,BK,no,si,2022-10-04,2023-12-27
8433.30.00,84,BK,no,si,2022-10-04,2023-12-27
8433.40.00,84,BK,si,si,2022-08-25,2023-12-27
8433.51.00,84,BK,si,si,2022-08-25,2023-12-27
8433.52.00,84,BK,si,si,2022-08-25,2023-12-27
8433.53.00,84,BK,si,si,2022-08-25,2023-12-27
8433.59.11,84,BK,si,si,2022-08-25,2023-12-27
8433.59.19,84,BK,no,si,2022-10-04,2023-12-27
8433.59.90,84,BK,si,si,2022-08-25,2023-12-27
8433.60.10,84,BK,si,si,2022-08-25,2023-12-27
8433.60.21,84,BK,no,si,2022-10-04,2023-12-27
8433.60.29,84,BK,no,si,2022-10-04,2023-12-27
8433.60.90,84,BK,si,si,2022-08-25,2023-12-27
8433.90.10,84,,no,si,2022-10-04,2023-12-27
8433.90.90,84,BK,si,si,2022-08-25,2023-12-27
8434.10.00,84,BK,no,si,2022-10-04,2023-12-27
8434.20.10,84,BK,no,si,2022-10-04,2023-12-27
8434.20.90,84,BK,no,si,2022-10-04,2023-12-27
8434.90.00,84,BK,no,si,2022-10-04,2023-12-27
8435.10.00,84,BK,no,si,2022-10-04,2023-12-27
8435.90.00,84,BK,no,si,2022-10-04,2023-12-27
8436.10.00,84,BK,si,si,2022-08-25,2023-12-27
8436.21.00,84,BK,no,si,2022-10-04,2023-12-27
8436.29.00,84,BK,no,si,2022-10-04,2023-12-27
8436.80.00,84,BK,si,si,2022-08-25,2023-12-27
8436.91.00,84,BK,no,si,2022-10-04,2023-12-27
8436.99.00,84,BK,no,si,2022-10-04,2023-12-27
8437.10.00,84,BK,si,si,2022-08-25,2023-12-27
8437.80.10,84,BK,si,si,2022-08-25,2023-12-27
8437.80.90,84,BK,si,si,2022-08-25,2023-12-27
8437.90.00,84,BK,si,si,2022-08-25,2023-12-27
8438.10.00,84,BK,si,si,2022-08-25,2023-12-27
8438.20.11,84,BK,no,si,2022-10-04,2023-12-27
8438.20.19,84,BK,no,si,2022-10-04,2023-12-27
8438.20.90,84,BK,no,si,2022-10-04,2023-12-27
8438.30.00,84,BK,no,si,2022-10-04,2023-12-27
8438.40.00,84,BK,si,si,2022-08-25,2023-12-27
8438.50.00,84,BK,si,si,2022-08-25,2023-12-27
8438.60.00,84,BK,no,si,2022-10-04,2023-12-27
8438.80.10,84,BK,no,si,2022-10-04,2023-12-27
8438.80.20,84,BK,no,si,2022-10-04,2023-12-27
8438.80.90,84,BK,no,si,2022-10-04,2023-12-27
8438.90.00,84,BK,no,si,2022-10-04,2023-12-27
8439.10.10,84,BK,no,si,2022-10-04,2023-12-27
8439.10.20,84,BK,no,si,2022-10-04,2023-12-27
8439.10.30,84,BK,no,si,2022-10-04,2023-12-27
8439.10.90,84,BK,no,si,2022-10-04,2023-12-27
8439.20.00,84,BK,no,si,2022-10-04,2023-12-27
8439.30.10,84,BK,no,si,2022-10-04,2023-12-27
8439.30.20,84,BK,no,si,2022-10-04,2023-12-27
8439.30.30,84,BK,no,si,2022-10-04,2023-12-27
8439.30.90,84,BK,no,si,2022-10-04,2023-12-27
8439.91.00,84,BK,no,si,2022-10-04,2023-12-27
8439.99.10,84,BK,no,si,2022-10-04,2023-12-27
8439.99.90,84,BK,no,si,2022-10-04,2023-12-27
8440.10.11,84,BK,no,si,2022-10-04,2023-12-27
8440.10.19,84,BK,no,si,2022-10-04,2023-12-27
8440.10.20,84,BK,no,si,2022-10-04,2023-12-27
8440.10.90,84,BK,no,si,2022-10-04,2023-12-27
8440.90.00,84,BK,no,si,2022-10-04,2023-12-27
8441.10.10,84,BK,no,si,2022-10-04,2023-12-27
8441.10.90,84,BK,no,si,2022-10-04,2023-12-27
8441.20.00,84,BK,no,si,2022-10-04,2023-12-27
8441.30.10,84,BK,no,si,2022-10-04,2023-12-27
8441.30.90,84,BK,no,si,2022-10-04,2023-12-27
8441.40.00,84,BK,no,si,2022-10-04,2023-12-27
8441.80.00,84,BK,no,si,2022-10-04,2023-12-27
8441.90.00,84,BK,no,si,2022-10-04,2023-12-27
8442.30.10,84,BK,no,si,2022-10-04,2023-12-27
8442.30.20,84,BK,no,si,2022-10-04,2023-12-27
8442.30.90,84,BK,no,si,2022-10-04,2023-12-27
8442.40.10,84,BK,no,si,2022-10-04,2023-12-27
8442.40.20,84,BK,no,si,2022-10-04,2023-12-27
8442.40.90,84,BK,no,si,2022-10-04,2023-12-27
8442.50.00,84,BK,no,si,2022-10-04,2023-12-27
8443.11.10,84,BK,no,si,2022-10-04,2023-12-27
8443.11.90,84,BK,no,si,2022-10-04,2023-12-27
8443.12.00,84,BK,no,si,2022-10-04,2023-12-27
8443.13.10,84,BK,no,si,2022-10-04,2023-12-27
8443.13.21,84,BK,no,si,2022-10-04,2023-12-27
8443.13.29,84,BK,no,si,2022-10-04,2023-12-27
8443.13.90,84,BK,no,si,2022-10-04,2023-12-27
8443.14.00,84,BK,no,si,2022-10-04,2023-12-27
8443.15.00,84,BK,no,si,2022-10-04,2023-12-27
8443.16.00,84,BK,no,si,2022-10-04,2023-12-27
8443.17.10,84,BK,no,si,2022-10-04,2023-12-27
8443.17.90,84,BK,no,si,2022-10-04,2023-12-27
8443.19.10,84,BK,no,si,2022-10-04,2023-12-27
8443.19.90,84,BK,no,si,2022-10-04,2023-12-27
8443.31.11,84,BIT,no,si,2022-10-04,2023-12-27
8443.31.12,84,BIT,no,si,2022-10-04,2023-12-27
8443.31.13,84,BIT,no,si,2022-10-04,2023-12-27
8443.31.14,84,BIT,no,si,2022-10-04,2023-12-27
8443.31.15,84,BIT,no,si,2022-10-04,2023-12-27
8443.31.16,84,BIT,no,si,2022-10-04,2023-12-27
8443.31.19,84,BIT,no,si,2022-10-04,2023-12-27
8443.31.91,84,BIT,no,si,2022-10-04,2023-12-27
8443.31.99,84,BIT,no,si,2022-10-04,2023-12-27
8443.32.21,84,BIT,no,si,2022-10-04,2023-12-27
8443.32.22,84,BIT,no,si,2022-10-04,2023-12-27
8443.32.23,84,BIT,no,si,2022-10-04,2023-12-27
8443.32.29,84,BIT,no,si,2022-10-04,2023-12-27
8443.32.31,84,BIT,no,si,2022-10-04,2023-12-27
8443.32.32,84,BIT,no,si,2022-10-04,2023-12-27
8443.32.33,84,BIT,no,si,2022-10-04,2023-12-27
8443.32.34,84,BIT,no,si,2022-10-04,2023-12-27
8443.32.35,84,BIT,no,si,2022-10-04,2023-12-27
8443.32.36,84,BIT,no,si,2022-10-04,2023-12-27
8443.32.37,84,BIT,no,si,2022-10-04,2023-12-27
8443.32.38,84,BIT,no,si,2022-10-04,2023-12-27
8443.32.39,84,BIT,no,si,2022-10-04,2023-12-27
8443.32.40,84,BIT,no,si,2022-10-04,2023-12-27
8443.32.51,84,BIT,no,si,2022-10-04,2023-12-27
8443.32.52,84,BIT,no,si,2022-10-04,2023-12-27
8443.32.59,84,BIT,no,si,2022-10-04,2023-12-27
8443.32.91,84,BIT,no,si,2022-10-04,2023-12-27
8443.32.99,84,BIT,no,si,2022-10-04,2023-12-27
8443.39.10,84,BK,no,si,2022-10-04,2023-12-27
8443.39.21,84,BK,no,si,2022-10-04,2023-12-27
8443.39.28,84,BK,no,si,2022-10-04,2023-12-27
8443.39.29,84,BK,no,si,2022-10-04,2023-12-27
8443.39.30,84,BK,no,si,2022-10-04,2023-12-27
8443.39.90,84,BK,no,si,2022-10-04,2023-12-27
8443.91.10,84,BK,no,si,2022-10-04,2023-12-27
8443.91.91,84,BK,no,si,2022-10-04,2023-12-27
8443.91.92,84,BK,no,si,2022-10-04,2023-12-27
8443.91.99,84,BK,no,si,2022-10-04,2023-12-27
8443.99.11,84,BIT,no,si,2022-10-04,2023-12-27
8443.99.12,84,BIT,no,si,2022-10-04,2023-12-27
8443.99.19,84,BIT,no,si,2022-10-04,2023-12-27
8443.99.21,84,BIT,no,si,2022-10-04,2023-12-27
8443.99.22,84,BIT,no,si,2022-10-04,2023-12-27
8443.99.23,84,BIT,no,si,2022-10-04,2023-12-27
8443.99.29,84,BIT,no,si,2022-10-04,2023-12-27
8443.99.31,84,BIT,no,si,2022-10-04,2023-12-27
8443.99.32,84,BIT,no,si,2022-10-04,2023-12-27
8443.99.33,84,BIT,no,si,2022-10-04,2023-12-27
8443.99.39,84,BIT,no,si,2022-10-04,2023-12-27
8443.99.41,84,BIT,no,si,2022-10-04,2023-12-27
8443.99.42,84,BIT,no,si,2022-10-04,2023-12-27
8443.99.49,84,BIT,no,si,2022-10-04,2023-12-27
8443.99.50,84,BIT,no,si,2022-10-04,2023-12-27
8443.99.60,84,BIT,no,si,2022-10-04,2023-12-27
8443.99.70,84,BIT,no,si,2022-10-04,2023-12-27
8443.99.80,84,BIT,no,si,2022-10-04,2023-12-27
8443.99.90,84,BIT,no,si,2022-10-04,2023-12-27
8444.00.10,84,BK,no,si,2022-10-04,2023-12-27
8444.00.20,84,BK,no,si,2022-10-04,2023-12-27
8444.00.90,84,BK,no,si,2022-10-04,2023-12-27
8445.11.10,84,BK,no,si,2022-10-04,2023-12-27
8445.11.20,84,BK,no,si,2022-10-04,2023-12-27
8445.11.90,84,BK,no,si,2022-10-04,2023-12-27
8445.12.00,84,BK,no,si,2022-10-04,2023-12-27
8445.13.00,84,BK,no,si,2022-10-04,2023-12-27
8445.19.10,84,BK,no,si,2022-10-04,2023-12-27
8445.19.21,84,BK,no,si,2022-10-04,2023-12-27
8445.19.22,84,BK,no,si,2022-10-04,2023-12-27
8445.19.23,84,BK,no,si,2022-10-04,2023-12-27
8445.19.24,84,BK,no,si,2022-10-04,2023-12-27
8445.19.25,84,BK,no,si,2022-10-04,2023-12-27
8445.19.26,84,BK,no,si,2022-10-04,2023-12-27
8445.19.27,84,BK,no,si,2022-10-04,2023-12-27
8445.19.29,84,BK,no,si,2022-10-04,2023-12-27
8445.20.00,84,BK,no,si,2022-10-04,2023-12-27
8445.30.10,84,BK,no,si,2022-10-04,2023-12-27
8445.30.90,84,BK,no,si,2022-10-04,2023-12-27
8445.40.11,84,BK,no,si,2022-10-04,2023-12-27
8445.40.12,84,BK,no,si,2022-10-04,2023-12-27
8445.40.18,84,BK,no,si,2022-10-04,2023-12-27
8445.40.19,84,BK,no,si,2022-10-04,2023-12-27
8445.40.21,84,BK,no,si,2022-10-04,2023-12-27
8445.40.29,84,BK,no,si,2022-10-04,2023-12-27
8445.40.31,84,BK,no,si,2022-10-04,2023-12-27
8445.40.39,84,BK,no,si,2022-10-04,2023-12-27
8445.40.40,84,BK,no,si,2022-10-04,2023-12-27
8445.40.90,84,BK,no,si,2022-10-04,2023-12-27
8445.90.10,84,BK,no,si,2022-10-04,2023-12-27
8445.90.20,84,BK,no,si,2022-10-04,2023-12-27
8445.90.30,84,BK,no,si,2022-10-04,2023-12-27
8445.90.40,84,BK,no,si,2022-10-04,2023-12-27
8445.90.90,84,BK,no,si,2022-10-04,2023-12-27
8446.10.10,84,BK,no,si,2022-10-04,2023-12-27
8446.10.90,84,BK,no,si,2022-10-04,2023-12-27
8446.21.00,84,BK,no,si,2022-10-04,2023-12-27
8446.29.00,84,BK,no,si,2022-10-04,2023-12-27
8446.30.10,84,BK,no,si,2022-10-04,2023-12-27
8446.30.20,84,BK,no,si,2022-10-04,2023-12-27
8446.30.30,84,BK,no,si,2022-10-04,2023-12-27
8446.30.40,84,BK,no,si,2022-10-04,2023-12-27
8446.30.90,84,BK,no,si,2022-10-04,2023-12-27
8447.11.00,84,BK,no,si,2022-10-04,2023-12-27
8447.12.00,84,BK,no,si,2022-10-04,2023-12-27
8447.20.10,84,,no,si,2022-10-04,2023-12-27
8447.20.21,84,BK,no,si,2022-10-04,2023-12-27
8447.20.29,84,BK,no,si,2022-10-04,2023-12-27
8447.20.30,84,BK,no,si,2022-10-04,2023-12-27
8447.90.10,84,BK,no,si,2022-10-04,2023-12-27
8447.90.20,84,BK,no,si,2022-10-04,2023-12-27
8447.90.90,84,BK,no,si,2022-10-04,2023-12-27
8448.11.10,84,BK,no,si,2022-10-04,2023-12-27
8448.11.20,84,BK,no,si,2022-10-04,2023-12-27
8448.11.90,84,BK,no,si,2022-10-04,2023-12-27
8448.19.00,84,BK,no,si,2022-10-04,2023-12-27
8448.20.10,84,BK,no,si,2022-10-04,2023-12-27
8448.20.20,84,BK,no,si,2022-10-04,2023-12-27
8448.20.30,84,BK,no,si,2022-10-04,2023-12-27
8448.20.90,84,BK,no,si,2022-10-04,2023-12-27
8448.31.00,84,BK,no,si,2022-10-04,2023-12-27
8448.32.11,84,BK,no,si,2022-10-04,2023-12-27
8448.32.19,84,BK,no,si,2022-10-04,2023-12-27
8448.32.20,84,BK,no,si,2022-10-04,2023-12-27
8448.32.30,84,BK,no,si,2022-10-04,2023-12-27
8448.32.40,84,BK,no,si,2022-10-04,2023-12-27
8448.32.50,84,BK,no,si,2022-10-04,2023-12-27
8448.32.90,84,BK,no,si,2022-10-04,2023-12-27
8448.33.10,84,BK,no,si,2022-10-04,2023-12-27
8448.33.90,84,BK,no,si,2022-10-04,2023-12-27
8448.39.11,84,BK,no,si,2022-10-04,2023-12-27
8448.39.12,84,BK,no,si,2022-10-04,2023-12-27
8448.39.17,84,BK,no,si,2022-10-04,2023-12-27
8448.39.19,84,BK,no,si,2022-10-04,2023-12-27
8448.39.21,84,BK,no,si,2022-10-04,2023-12-27
8448.39.22,84,BK,no,si,2022-10-04,2023-12-27
8448.39.23,84,BK,no,si,2022-10-04,2023-12-27
8448.39.29,84,BK,no,si,2022-10-04,2023-12-27
8448.39.91,84,BK,no,si,2022-10-04,2023-12-27
8448.39.92,84,BK,no,si,2022-10-04,2023-12-27
8448.39.99,84,BK,no,si,2022-10-04,2023-12-27
8448.42.00,84,BK,no,si,2022-10-04,2023-12-27
8448.49.10,84,BK,no,si,2022-10-04,2023-12-27
8448.49.20,84,BK,no,si,2022-10-04,2023-12-27
8448.49.90,84,BK,no,si,2022-10-04,2023-12-27
8448.51.10,84,,no,si,2022-10-04,2023-12-27
8448.51.90,84,,no,si,2022-10-04,2023-12-27
8448.59.10,84,BK,no,si,2022-10-04,2023-12-27
8448.59.21,84,,no,si,2022-10-04,2023-12-27
8448.59.22,84,BK,no,si,2022-10-04,2023-12-27
8448.59.29,84,BK,no,si,2022-10-04,2023-12-27
8448.59.30,84,BK,no,si,2022-10-04,2023-12-27
8448.59.40,84,BK,no,si,2022-10-04,2023-12-27
8448.59.90,84,BK,no,si,2022-10-04,2023-12-27
8449.00.10,84,BK,no,si,2022-10-04,2023-12-27
8449.00.20,84,BK,no,si,2022-10-04,2023-12-27
8449.00.80,84,BK,no,si,2022-10-04,2023-12-27
8449.00.91,84,BK,no,si,2022-10-04,2023-12-27
8449.00.99,84,BK,no,si,2022-10-04,2023-12-27
8450.11.00,84,,si,si,2022-08-25,2023-12-27
8450.12.00,84,,no,si,2022-10-04,2023-12-27
8450.19.00,84,,si,si,2022-08-25,2023-12-27
8450.20.10,84,BK,no,si,2022-10-04,2023-12-27
8450.20.90,84,BK,no,si,2022-10-04,2023-12-27
8450.90.10,84,BK,no,si,2022-10-04,2023-12-27
8450.90.90,84,,no,si,2022-10-04,2023-12-27
8451.10.00,84,BK,no,si,2022-10-04,2023-12-27
8451.21.00,84,,si,si,2022-08-25,2023-12-27
8451.29.10,84,BK,no,si,2022-10-04,2023-12-27
8451.29.90,84,BK,no,si,2022-10-04,2023-12-27
8451.30.10,84,BK,no,si,2022-10-04,2023-12-27
8451.30.91,84,,no,si,2022-10-04,2023-12-27
8451.30.99,84,BK,si,si,2022-08-25,2023-12-27
8451.40.10,84,BK,no,si,2022-10-04,2023-12-27
8451.40.21,84,BK,no,si,2022-10-04,2023-12-27
8451.40.29,84,BK,no,si,2022-10-04,2023-12-27
8451.40.90,84,BK,no,si,2022-10-04,2023-12-27
8451.50.10,84,BK,no,si,2022-10-04,2023-12-27
8451.50.20,84,BK,no,si,2022-10-04,2023-12-27
8451.50.90,84,BK,no,si,2022-10-04,2023-12-27
8451.80.00,84,BK,no,si,2022-10-04,2023-12-27
8451.90.10,84,,no,si,2022-10-04,2023-12-27
8451.90.90,84,BK,no,si,2022-10-04,2023-12-27
8452.10.00,84,,no,si,2022-10-04,2023-12-27
8452.21.10,84,BK,no,si,2022-10-04,2023-12-27
8452.21.20,84,BK,no,si,2022-10-04,2023-12-27
8452.21.90,84,BK,no,si,2022-10-04,2023-12-27
8452.29.10,84,BK,no,si,2022-10-04,2023-12-27
8452.29.21,84,BK,no,si,2022-10-04,2023-12-27
8452.29.22,84,BK,no,si,2022-10-04,2023-12-27
8452.29.23,84,BK,no,si,2022-10-04,2023-12-27
8452.29.24,84,BK,no,si,2022-10-04,2023-12-27
8452.29.25,84,BK,no,si,2022-10-04,2023-12-27
8452.29.29,84,BK,no,si,2022-10-04,2023-12-27
8452.29.90,84,BK,no,si,2022-10-04,2023-12-27
8452.30.00,84,BK,no,si,2022-10-04,2023-12-27
8452.90.20,84,,no,si,2022-10-04,2023-12-27
8452.90.81,84,,no,si,2022-10-04,2023-12-27
8452.90.89,84,,no,si,2022-10-04,2023-12-27
8452.90.91,84,BK,no,si,2022-10-04,2023-12-27
8452.90.92,84,BK,no,si,2022-10-04,2023-12-27
8452.90.93,84,BK,no,si,2022-10-04,2023-12-27
8452.90.94,84,BK,no,si,2022-10-04,2023-12-27
8452.90.99,84,BK,no,si,2022-10-04,2023-12-27
8453.10.10,84,BK,no,si,2022-10-04,2023-12-27
8453.10.90,84,BK,no,si,2022-10-04,2023-12-27
8453.20.00,84,BK,no,si,2022-10-04,2023-12-27
8453.80.00,84,BK,no,si,2022-10-04,2023-12-27
8453.90.00,84,BK,no,si,2022-10-04,2023-12-27
8454.10.00,84,BK,no,si,2022-10-04,2023-12-27
8454.20.10,84,BK,si,si,2022-08-25,2023-12-27
8454.20.90,84,BK,no,si,2022-10-04,2023-12-27
8454.30.10,84,BK,no,si,2022-10-04,2023-12-27
8454.30.20,84,BK,no,si,2022-10-04,2023-12-27
8454.30.90,84,BK,no,si,2022-10-04,2023-12-27
8454.90.10,84,BK,no,si,2022-10-04,2023-12-27
8454.90.90,84,BK,no,si,2022-10-04,2023-12-27
8455.10.00,84,BK,no,si,2022-10-04,2023-12-27
8455.21.10,84,BK,no,si,2022-10-04,2023-12-27
8455.21.90,84,BK,no,si,2022-10-04,2023-12-27
8455.22.10,84,BK,no,si,2022-10-04,2023-12-27
8455.22.90,84,BK,no,si,2022-10-04,2023-12-27
8455.30.10,84,BK,si,si,2022-08-25,2023-12-27
8455.30.20,84,BK,no,si,2022-10-04,2023-12-27
8455.30.90,84,BK,no,si,2022-10-04,2023-12-27
8455.90.00,84,BK,no,si,2022-10-04,2023-12-27
8456.11.11,84,BK,si,si,2022-08-25,2023-12-27
8456.11.19,84,BK,no,si,2022-10-04,2023-12-27
8456.11.90,84,BK,no,si,2022-10-04,2023-12-27
8456.12.11,84,BK,no,si,2022-10-04,2023-12-27
8456.12.19,84,BK,no,si,2022-10-04,2023-12-27
8456.12.90,84,BK,no,si,2022-10-04,2023-12-27
8456.20.10,84,BK,no,si,2022-10-04,2023-12-27
8456.20.90,84,BK,no,si,2022-10-04,2023-12-27
8456.30.11,84,BK,no,si,2022-10-04,2023-12-27
8456.30.19,84,BK,no,si,2022-10-04,2023-12-27
8456.30.90,84,BK,no,si,2022-10-04,2023-12-27
8456.40.00,84,BK,no,si,2022-10-04,2023-12-27
8456.50.00,84,BK,no,si,2022-10-04,2023-12-27
8456.90.00,84,BK,no,si,2022-10-04,2023-12-27
8457.10.00,84,BK,no,si,2022-10-04,2023-12-27
8457.20.10,84,BK,no,si,2022-10-04,2023-12-27
8457.20.90,84,BK,no,si,2022-10-04,2023-12-27
8457.30.10,84,BK,no,si,2022-10-04,2023-12-27
8457.30.90,84,BK,no,si,2022-10-04,2023-12-27
8458.11.10,84,BK,no,si,2022-10-04,2023-12-27
8458.11.91,84,BK,no,si,2022-10-04,2023-12-27
8458.11.99,84,BK,no,si,2022-10-04,2023-12-27
8458.19.10,84,BK,no,si,2022-10-04,2023-12-27
8458.19.90,84,BK,no,si,2022-10-04,2023-12-27
8458.91.00,84,BK,no,si,2022-10-04,2023-12-27
8458.99.00,84,BK,no,si,2022-10-04,2023-12-27
8459.10.00,84,BK,no,si,2022-10-04,2023-12-27
8459.21.10,84,BK,no,si,2022-10-04,2023-12-27
8459.21.91,84,BK,no,si,2022-10-04,2023-12-27
8459.21.99,84,BK,no,si,2022-10-04,2023-12-27
8459.29.00,84,BK,no,si,2022-10-04,2023-12-27
8459.31.00,84,BK,no,si,2022-10-04,2023-12-27
8459.39.00,84,BK,no,si,2022-10-04,2023-12-27
8459.41.00,84,BK,no,si,2022-10-04,2023-12-27
8459.49.00,84,BK,no,si,2022-10-04,2023-12-27
8459.51.00,84,BK,no,si,2022-10-04,2023-12-27
8459.59.00,84,BK,no,si,2022-10-04,2023-12-27
8459.61.00,84,BK,no,si,2022-10-04,2023-12-27
8459.69.00,84,BK,no,si,2022-10-04,2023-12-27
8459.70.00,84,BK,no,si,2022-10-04,2023-12-27
8460.12.00,84,BK,no,si,2022-10-04,2023-12-27
8460.19.00,84,BK,no,si,2022-10-04,2023-12-27
8460.22.00,84,BK,no,si,2022-10-04,2023-12-27
8460.23.00,84,BK,no,si,2022-10-04,2023-12-27
8460.24.00,84,BK,no,si,2022-10-04,2023-12-27
8460.29.00,84,BK,no,si,2022-10-04,2023-12-27
8460.31.00,84,BK,no,si,2022-10-04,2023-12-27
8460.39.00,84,BK,no,si,2022-10-04,2023-12-27
8460.40.11,84,BK,no,si,2022-10-04,2023-12-27
8460.40.19,84,BK,no,si,2022-10-04,2023-12-27
8460.40.91,84,BK,no,si,2022-10-04,2023-12-27
8460.40.99,84,BK,no,si,2022-10-04,2023-12-27
8460.90.11,84,BK,no,si,2022-10-04,2023-12-27
8460.90.12,84,BK,no,si,2022-10-04,2023-12-27
8460.90.19,84,BK,no,si,2022-10-04,2023-12-27
8460.90.90,84,BK,no,si,2022-10-04,2023-12-27
8461.20.10,84,BK,no,si,2022-10-04,2023-12-27
8461.20.90,84,BK,no,si,2022-10-04,2023-12-27
8461.30.10,84,BK,no,si,2022-10-04,2023-12-27
8461.30.90,84,BK,no,si,2022-10-04,2023-12-27
8461.40.10,84,BK,no,si,2022-10-04,2023-12-27
8461.40.91,84,BK,no,si,2022-10-04,2023-12-27
8461.40.99,84,BK,no,si,2022-10-04,2023-12-27
8461.50.10,84,BK,si,si,2022-08-25,2023-12-27
8461.50.20,84,BK,si,si,2022-08-25,2023-12-27
8461.50.90,84,BK,no,si,2022-10-04,2023-12-27
8461.90.10,84,BK,no,si,2022-10-04,2023-12-27
8461.90.90,84,BK,no,si,2022-10-04,2023-12-27
8462.10.11,84,BK,no,si,2022-10-04,2023-12-27
8462.10.19,84,BK,no,si,2022-10-04,2023-12-27
8462.10.90,84,BK,no,si,2022-10-04,2023-12-27
8462.21.00,84,BK,no,si,2022-10-04,2023-12-27
8462.29.00,84,BK,no,si,2022-10-04,2023-12-27
8462.31.00,84,BK,no,si,2022-10-04,2023-12-27
8462.39.10,84,BK,si,si,2022-08-25,2023-12-27
8462.39.90,84,BK,no,si,2022-10-04,2023-12-27
8462.41.00,84,BK,no,si,2022-10-04,2023-12-27
8462.49.00,84,BK,no,si,2022-10-04,2023-12-27
8462.91.11,84,BK,no,si,2022-10-04,2023-12-27
8462.91.19,84,BK,si,si,2022-08-25,2023-12-27
8462.91.91,84,BK,no,si,2022-10-04,2023-12-27
8462.91.99,84,BK,no,si,2022-10-04,2023-12-27
8462.99.10,84,BK,no,si,2022-10-04,2023-12-27
8462.99.20,84,BK,no,si,2022-10-04,2023-12-27
8462.99.90,84,BK,no,si,2022-10-04,2023-12-27
8463.10.10,84,BK,no,si,2022-10-04,2023-12-27
8463.10.90,84,BK,no,si,2022-10-04,2023-12-27
8463.20.10,84,BK,no,si,2022-10-04,2023-12-27
8463.20.91,84,BK,no,si,2022-10-04,2023-12-27
8463.20.99,84,BK,no,si,2022-10-04,2023-12-27
8463.30.00,84,BK,no,si,2022-10-04,2023-12-27
8463.90.10,84,BK,no,si,2022-10-04,2023-12-27
8463.90.90,84,BK,no,si,2022-10-04,2023-12-27
8464.10.00,84,BK,no,si,2022-10-04,2023-12-27
8464.20.10,84,BK,no,si,2022-10-04,2023-12-27
8464.20.21,84,BK,no,si,2022-10-04,2023-12-27
8464.20.29,84,BK,no,si,2022-10-04,2023-12-27
8464.20.90,84,BK,no,si,2022-10-04,2023-12-27
8464.90.11,84,BK,no,si,2022-10-04,2023-12-27
8464.90.19,84,BK,no,si,2022-10-04,2023-12-27
8464.90.90,84,BK,no,si,2022-10-04,2023-12-27
8465.10.00,84,BK,no,si,2022-10-04,2023-12-27
8465.20.00,84,BK,si,si,2022-08-25,2023-12-27
8465.91.10,84,BK,no,si,2022-10-04,2023-12-27
8465.91.20,84,BK,si,si,2022-08-25,2023-12-27
8465.91.90,84,BK,no,si,2022-10-04,2023-12-27
8465.92.00,84,,si,no,2022-08-25,2022-10-04
8465.92.11,84,BK,si,si,2022-08-25,2023-12-27
8465.92.19,84,BK,no,si,2022-10-04,2023-12-27
8465.92.90,84,BK,no,si,2022-10-04,2023-12-27
8465.93.10,84,BK,no,si,2022-10-04,2023-12-27
8465.93.90,84,BK,no,si,2022-10-04,2023-12-27
8465.94.00,84,BK,no,si,2022-10-04,2023-12-27
8465.95.11,84,BK,no,si,2022-10-04,2023-12-27
8465.95.12,84,BK,no,si,2022-10-04,2023-12-27
8465.95.91,84,BK,no,si,2022-10-04,2023-12-27
8465.95.92,84,BK,no,si,2022-10-04,2023-12-27
8465.96.00,84,BK,no,si,2022-10-04,2023-12-27
8465.99.00,84,BK,no,si,2022-10-04,2023-12-27
8466.10.00,84,BK,no,si,2022-10-04,2023-12-27
8466.20.10,84,BK,no,si,2022-10-04,2023-12-27
8466.20.90,84,BK,no,si,2022-10-04,2023-12-27
8466.30.00,84,BK,no,si,2022-10-04,2023-12-27
8466.91.00,84,BK,no,si,2022-10-04,2023-12-27
8466.92.00,84,BK,no,si,2022-10-04,2023-12-27
8466.93.11,84,BK,no,si,2022-10-04,2023-12-27
8466.93.19,84,BK,no,si,2022-10-04,2023-12-27
8466.93.20,84,BK,no,si,2022-10-04,2023-12-27
8466.93.30,84,BK,no,si,2022-10-04,2023-12-27
8466.93.40,84,BK,no,si,2022-10-04,2023-12-27
8466.93.50,84,BK,no,si,2022-10-04,2023-12-27
8466.93.60,84,BK,no,si,2022-10-04,2023-12-27
8466.94.10,84,BK,no,si,2022-10-04,2023-12-27
8466.94.20,84,BK,no,si,2022-10-04,2023-12-27
8466.94.30,84,BK,no,si,2022-10-04,2023-12-27
8466.94.90,84,BK,no,si,2022-10-04,2023-12-27
8467.11.10,84,BK,no,si,2022-10-04,2023-12-27
8467.11.90,84,BK,no,si,2022-10-04,2023-12-27
8467.19.00,84,BK,no,si,2022-10-04,2023-12-27
8467.21.00,84,,si,si,2022-08-25,2023-12-27
8467.22.00,84,,no,si,2022-10-04,2023-12-27
8467.29.10,84,,no,si,2022-10-04,2023-12-27
8467.29.91,84,,no,si,2022-10-04,2023-12-27
8467.29.92,84,,si,si,2022-08-25,2023-12-27
8467.29.93,84,BK,si,si,2022-08-25,2023-12-27
8467.29.99,84,,si,si,2022-08-25,2023-12-27
8467.81.00,84,BK,no,si,2022-10-04,2023-12-27
8467.89.00,84,BK,no,si,2022-10-04,2023-12-27
8467.91.00,84,BK,no,si,2022-10-04,2023-12-27
8467.92.00,84,BK,no,si,2022-10-04,2023-12-27
8467.99.00,84,BK,no,si,2022-10-04,2023-12-27
8468.10.00,84,,no,si,2022-10-04,2023-12-27
8468.20.00,84,BK,no,si,2022-10-04,2023-12-27
8468.80.10,84,BK,no,si,2022-10-04,2023-12-27
8468.80.90,84,BK,no,si,2022-10-04,2023-12-27
8468.90.10,84,,no,si,2022-10-04,2023-12-27
8468.90.20,84,BK,no,si,2022-10-04,2023-12-27
8468.90.90,84,BK,no,si,2022-10-04,2023-12-27
8470.10.00,84,,no,si,2022-10-04,2023-12-27
8470.21.00,84,,no,si,2022-10-04,2023-12-27
8470.29.00,84,,no,si,2022-10-04,2023-12-27
8470.30.00,84,,no,si,2022-10-04,2023-12-27
8470.50.11,84,BIT,no,si,2022-10-04,2023-12-27
8470.50.19,84,BIT,si,si,2022-08-25,2023-12-27
8470.50.90,84,BK,no,si,2022-10-04,2023-12-27
8470.90.10,84,BK,no,si,2022-10-04,2023-12-27
8470.90.90,84,BK,no,si,2022-10-04,2023-12-27
8471.30.11,84,BIT,no,si,2022-10-04,2023-12-27
8471.30.12,84,BIT,si,si,2022-08-25,2023-12-27
8471.30.19,84,BIT,si,si,2022-08-25,2023-12-27
8471.30.90,84,BIT,si,si,2022-08-25,2023-12-27
8471.41.10,84,BIT,no,si,2022-10-04,2023-12-27
8471.41.90,84,BIT,no,si,2022-10-04,2023-12-27
8471.49.00,84,BIT,no,si,2022-10-04,2023-12-27
8471.50.10,84,BIT,si,si,2022-08-25,2023-12-27
8471.50.20,84,BIT,no,si,2022-10-04,2023-12-27
8471.50.30,84,BIT,no,si,2022-10-04,2023-12-27
8471.50.40,84,BIT,no,si,2022-10-04,2023-12-27
8471.50.90,84,BIT,si,si,2022-08-25,2023-12-27
8471.60.52,84,BIT,si,si,2022-08-25,2023-12-27
8471.60.53,84,BIT,si,si,2022-08-25,2023-12-27
8471.60.54,84,BIT,no,si,2022-10-04,2023-12-27
8471.60.59,84,BIT,no,si,2022-10-04,2023-12-27
8471.60.61,84,BIT,no,si,2022-10-04,2023-12-27
8471.60.62,84,BIT,no,si,2022-10-04,2023-12-27
8471.60.80,84,BIT,no,si,2022-10-04,2023-12-27
8471.60.90,84,BIT,no,si,2022-10-04,2023-12-27
8471.70.11,84,BIT,no,si,2022-10-04,2023-12-27
8471.70.12,84,BIT,no,si,2022-10-04,2023-12-27
8471.70.19,84,BIT,no,si,2022-10-04,2023-12-27
8471.70.21,84,BIT,no,si,2022-10-04,2023-12-27
8471.70.29,84,BIT,no,si,2022-10-04,2023-12-27
8471.70.32,84,BIT,no,si,2022-10-04,2023-12-27
8471.70.33,84,BIT,no,si,2022-10-04,2023-12-27
8471.70.39,84,BIT,no,si,2022-10-04,2023-12-27
8471.70.90,84,BIT,no,si,2022-10-04,2023-12-27
8471.80.00,84,BIT,si,si,2022-08-25,2023-12-27
8471.90.11,84,BIT,no,si,2022-10-04,2023-12-27
8471.90.12,84,BIT,no,si,2022-10-04,2023-12-27
8471.90.13,84,BIT,no,si,2022-10-04,2023-12-27
8471.90.14,84,BIT,no,si,2022-10-04,2023-12-27
8471.90.19,84,BIT,no,si,2022-10-04,2023-12-27
8471.90.90,84,BIT,no,si,2022-10-04,2023-12-27
8472.10.00,84,BK,no,si,2022-10-04,2023-12-27
8472.30.10,84,BIT,no,si,2022-10-04,2023-12-27
8472.30.20,84,BIT,no,si,2022-10-04,2023-12-27
8472.30.30,84,BIT,no,si,2022-10-04,2023-12-27
8472.30.90,84,BK,no,si,2022-10-04,2023-12-27
8472.90.10,84,BIT,si,si,2022-08-25,2023-12-27
8472.90.21,84,BIT,no,si,2022-10-04,2023-12-27
8472.90.29,84,BIT,no,si,2022-10-04,2023-12-27
8472.90.30,84,BK,no,si,2022-10-04,2023-12-27
8472.90.40,84,,no,si,2022-10-04,2023-12-27
8472.90.51,84,BIT,no,si,2022-10-04,2023-12-27
8472.90.59,84,BIT,no,si,2022-10-04,2023-12-27
8472.90.91,84,BK,no,si,2022-10-04,2023-12-27
8472.90.99,84,BK,no,si,2022-10-04,2023-12-27
8473.21.00,84,,no,si,2022-10-04,2023-12-27
8473.29.10,84,BIT,no,si,2022-10-04,2023-12-27
8473.29.20,84,,no,si,2022-10-04,2023-12-27
8473.29.90,84,BIT,no,si,2022-10-04,2023-12-27
8473.30.11,84,BIT,no,si,2022-10-04,2023-12-27
8473.30.19,84,BIT,no,si,2022-10-04,2023-12-27
8473.30.31,84,BIT,no,si,2022-10-04,2023-12-27
8473.30.32,84,BIT,no,si,2022-10-04,2023-12-27
8473.30.33,84,BIT,no,si,2022-10-04,2023-12-27
8473.30.34,84,BIT,no,si,2022-10-04,2023-12-27
8473.30.39,84,BIT,no,si,2022-10-04,2023-12-27
8473.30.41,84,BIT,no,si,2022-10-04,2023-12-27
8473.30.42,84,BIT,si,si,2022-08-25,2023-12-27
8473.30.43,84,BIT,no,si,2022-10-04,2023-12-27
8473.30.49,84,BIT,no,si,2022-10-04,2023-12-27
8473.30.92,84,BIT,no,si,2022-10-04,2023-12-27
8473.30.99,84,BIT,no,si,2022-10-04,2023-12-27
8473.40.10,84,BIT,no,si,2022-10-04,2023-12-27
8473.40.70,84,BIT,no,si,2022-10-04,2023-12-27
8473.40.90,84,BIT,no,si,2022-10-04,2023-12-27
8473.50.10,84,BIT,no,si,2022-10-04,2023-12-27
8473.50.40,84,BIT,no,si,2022-10-04,2023-12-27
8473.50.50,84,BIT,no,si,2022-10-04,2023-12-27
8473.50.90,84,BIT,no,si,2022-10-04,2023-12-27
8474.10.00,84,BK,si,si,2022-08-25,2023-12-27
8474.20.10,84,BK,no,si,2022-10-04,2023-12-27
8474.20.90,84,BK,no,si,2022-10-04,2023-12-27
8474.31.00,84,BK,no,si,2022-10-04,2023-12-27
8474.32.00,84,BK,no,si,2022-10-04,2023-12-27
8474.39.00,84,BK,no,si,2022-10-04,2023-12-27
8474.80.10,84,BK,no,si,2022-10-04,2023-12-27
8474.80.90,84,BK,no,si,2022-10-04,2023-12-27
8474.90.00,84,BK,si,si,2022-08-25,2023-12-27
8475.10.00,84,BK,no,si,2022-10-04,2023-12-27
8475.21.00,84,BK,no,si,2022-10-04,2023-12-27
8475.29.10,84,BK,no,si,2022-10-04,2023-12-27
8475.29.90,84,BK,no,si,2022-10-04,2023-12-27
8475.90.00,84,BK,no,si,2022-10-04,2023-12-27
8476.21.00,84,BK,no,si,2022-10-04,2023-12-27
8476.29.00,84,BK,no,si,2022-10-04,2023-12-27
8476.81.00,84,BK,no,si,2022-10-04,2023-12-27
8476.89.10,84,BK,no,si,2022-10-04,2023-12-27
8476.89.90,84,BK,no,si,2022-10-04,2023-12-27
8476.90.00,84,BK,no,si,2022-10-04,2023-12-27
8477.10.11,84,BK,no,si,2022-10-04,2023-12-27
8477.10.19,84,BK,no,si,2022-10-04,2023-12-27
8477.10.21,84,BK,no,si,2022-10-04,2023-12-27
8477.10.29,84,BK,no,si,2022-10-04,2023-12-27
8477.10.91,84,BK,no,si,2022-10-04,2023-12-27
8477.10.99,84,BK,no,si,2022-10-04,2023-12-27
8477.20.10,84,BK,no,si,2022-10-04,2023-12-27
8477.20.90,84,BK,no,si,2022-10-04,2023-12-27
8477.30.10,84,BK,no,si,2022-10-04,2023-12-27
8477.30.90,84,BK,no,si,2022-10-04,2023-12-27
8477.40.10,84,BK,no,si,2022-10-04,2023-12-27
8477.40.90,84,BK,no,si,2022-10-04,2023-12-27
8477.51.00,84,BK,no,si,2022-10-04,2023-12-27
8477.59.11,84,BK,no,si,2022-10-04,2023-12-27
8477.59.19,84,BK,no,si,2022-10-04,2023-12-27
8477.59.90,84,BK,no,si,2022-10-04,2023-12-27
8477.80.10,84,BK,no,si,2022-10-04,2023-12-27
8477.80.90,84,BK,no,si,2022-10-04,2023-12-27
8477.90.00,84,BK,no,si,2022-10-04,2023-12-27
8478.10.10,84,BK,no,si,2022-10-04,2023-12-27
8478.10.90,84,BK,no,si,2022-10-04,2023-12-27
8478.90.00,84,BK,no,si,2022-10-04,2023-12-27
8479.10.10,84,BK,no,si,2022-10-04,2023-12-27
8479.10.90,84,BK,no,si,2022-10-04,2023-12-27
8479.20.00,84,BK,no,si,2022-10-04,2023-12-27
8479.30.00,84,BK,no,si,2022-10-04,2023-12-27
8479.40.00,84,BK,no,si,2022-10-04,2023-12-27
8479.50.00,84,BK,no,si,2022-10-04,2023-12-27
8479.60.00,84,BK,no,si,2022-10-04,2023-12-27
8479.71.00,84,BK,no,si,2022-10-04,2023-12-27
8479.79.00,84,BK,no,si,2022-10-04,2023-12-27
8479.81.10,84,BK,no,si,2022-10-04,2023-12-27
8479.81.90,84,BK,no,si,2022-10-04,2023-12-27
8479.82.10,84,BK,si,si,2022-08-25,2023-12-27
8479.82.90,84,BK,si,si,2022-08-25,2023-12-27
8479.89.11,84,BK,no,si,2022-10-04,2023-12-27
8479.89.12,84,BK,si,si,2022-08-25,2023-12-27
8479.89.21,84,BK,no,si,2022-10-04,2023-12-27
8479.89.22,84,BK,no,si,2022-10-04,2023-12-27
8479.89.31,84,,no,si,2022-10-04,2023-12-27
8479.89.32,84,,no,si,2022-10-04,2023-12-27
8479.89.40,84,BK,si,si,2022-08-25,2023-12-27
8479.89.91,84,BK,no,si,2022-10-04,2023-12-27
8479.89.92,84,BK,no,si,2022-10-04,2023-12-27
8479.89.99,84,BK,si,si,2022-08-25,2023-12-27
8479.90.10,84,,no,si,2022-10-04,2023-12-27
8479.90.90,84,BK,no,si,2022-10-04,2023-12-27
8480.10.00,84,BK,no,si,2022-10-04,2023-12-27
8480.20.00,84,BK,no,si,2022-10-04,2023-12-27
8480.30.00,84,BK,no,si,2022-10-04,2023-12-27
8480.41.00,84,BK,no,si,2022-10-04,2023-12-27
8480.49.10,84,BK,no,si,2022-10-04,2023-12-27
8480.49.90,84,BK,no,si,2022-10-04,2023-12-27
8480.50.00,84,BK,si,si,2022-08-25,2023-12-27
8480.60.00,84,BK,no,si,2022-10-04,2023-12-27
8480.71.00,84,BK,no,si,2022-10-04,2023-12-27
8480.79.10,84,,no,si,2022-10-04,2023-12-27
8480.79.90,84,,no,si,2022-10-04,2023-12-27
8481.10.00,84,BK,si,si,2022-08-25,2023-12-27
8481.20.11,84,,no,si,2022-10-04,2023-12-27
8481.20.19,84,,no,si,2022-10-04,2023-12-27
8481.20.90,84,BK,si,si,2022-08-25,2023-12-27
8481.30.00,84,BK,si,si,2022-08-25,2023-12-27
8481.40.00,84,BK,no,si,2022-10-04,2023-12-27
8481.80.11,84,,no,si,2022-10-04,2023-12-27
8481.80.19,84,,si,si,2022-08-25,2023-12-27
8481.80.21,84,BK,no,si,2022-10-04,2023-12-27
8481.80.29,84,BK,no,si,2022-10-04,2023-12-27
8481.80.31,84,,si,si,2022-08-25,2023-12-27
8481.80.39,84,BK,si,si,2022-08-25,2023-12-27
8481.80.91,84,,no,si,2022-10-04,2023-12-27
8481.80.92,84,BK,si,si,2022-08-25,2023-12-27
8481.80.93,84,BK,si,si,2022-08-25,2023-12-27
8481.80.94,84,BK,si,si,2022-08-25,2023-12-27
8481.80.95,84,BK,si,si,2022-08-25,2023-12-27
8481.80.96,84,BK,si,si,2022-08-25,2023-12-27
8481.80.97,84,BK,si,si,2022-08-25,2023-12-27
8481.80.99,84,BK,si,si,2022-08-25,2023-12-27
8481.90.10,84,,si,si,2022-08-25,2023-12-27
8481.90.90,84,BK,si,si,2022-08-25,2023-12-27
8482.10.10,84,,si,si,2022-08-25,2023-12-27
8482.10.90,84,,no,si,2022-10-04,2023-12-27
8482.20.10,84,,si,si,2022-08-25,2023-12-27
8482.20.90,84,,no,si,2022-10-04,2023-12-27
8482.30.00,84,,no,si,2022-10-04,2023-12-27
8482.40.00,84,,no,si,2022-10-04,2023-12-27
8482.50.10,84,,no,si,2022-10-04,2023-12-27
8482.50.90,84,,no,si,2022-10-04,2023-12-27
8482.80.00,84,,no,si,2022-10-04,2023-12-27
8482.91.11,84,,no,si,2022-10-04,2023-12-27
8482.91.19,84,,no,si,2022-10-04,2023-12-27
8482.91.20,84,,no,si,2022-10-04,2023-12-27
8482.91.30,84,,no,si,2022-10-04,2023-12-27
8482.91.90,84,,no,si,2022-10-04,2023-12-27
8482.99.10,84,,no,si,2022-10-04,2023-12-27
8482.99.90,84,,no,si,2022-10-04,2023-12-27
8483.10.11,84,,no,si,2022-10-04,2023-12-27
8483.10.19,84,,no,si,2022-10-04,2023-12-27
8483.10.20,84,,no,si,2022-10-04,2023-12-27
8483.10.30,84,,no,si,2022-10-04,2023-12-27
8483.10.40,84,,no,si,2022-10-04,2023-12-27
8483.10.50,84,BK,no,si,2022-10-04,2023-12-27
8483.10.90,84,,no,si,2022-10-04,2023-12-27
8483.20.00,84,,no,si,2022-10-04,2023-12-27
8483.30.10,84,,no,si,2022-10-04,2023-12-27
8483.30.21,84,,si,si,2022-08-25,2023-12-27
8483.30.29,84,,si,si,2022-08-25,2023-12-27
8483.30.90,84,,no,si,2022-10-04,2023-12-27
8483.40.10,84,BK,si,si,2022-08-25,2023-12-27
8483.40.90,84,BK,si,si,2022-08-25,2023-12-27
8483.50.10,84,,no,si,2022-10-04,2023-12-27
8483.50.90,84,,si,si,2022-08-25,2023-12-27
8483.60.11,84,BK,no,si,2022-10-04,2023-12-27
8483.60.19,84,BK,no,si,2022-10-04,2023-12-27
8483.60.90,84,BK,no,si,2022-10-04,2023-12-27
8483.90.00,84,BK,si,si,2022-08-25,2023-12-27
8484.10.00,84,,si,si,2022-08-25,2023-12-27
8484.20.00,84,BK,si,si,2022-08-25,2023-12-27
8484.90.00,84,,si,si,2022-08-25,2023-12-27
8486.10.00,84,BK,no,si,2022-10-04,2023-12-27
8486.20.00,84,BK,no,si,2022-10-04,2023-12-27
8486.30.00,84,BK,no,si,2022-10-04,2023-12-27
8486.40.00,84,BK,no,si,2022-10-04,2023-12-27
8486.90.00,84,BK,no,si,2022-10-04,2023-12-27
8487.10.00,84,BK,no,si,2022-10-04,2023-12-27
8487.90.00,84,BK,si,si,2022-08-25,2023-12-27
8501.10.11,85,BIT,no,si,2022-10-04,2023-12-27
8501.10.19,85,,no,si,2022-10-04,2023-12-27
8501.10.21,85,,no,si,2022-10-04,2023-12-27
8501.10.29,85,,si,si,2022-08-25,2023-12-27
8501.10.30,85,,si,si,2022-08-25,2023-12-27
8501.20.00,85,,si,si,2022-08-25,2023-12-27
8501.31.10,85,,no,si,2022-10-04,2023-12-27
8501.31.20,85,,no,si,2022-10-04,2023-12-27
8501.32.10,85,,si,si,2022-08-25,2023-12-27
8501.32.20,85,,si,si,2022-08-25,2023-12-27
8501.33.10,85,BK,si,si,2022-08-25,2023-12-27
8501.33.20,85,BK,no,si,2022-10-04,2023-12-27
8501.34.11,85,BK,si,si,2022-08-25,2023-12-27
8501.34.19,85,BK,no,si,2022-10-04,2023-12-27
8501.34.20,85,BK,no,si,2022-10-04,2023-12-27
8501.40.11,85,,no,si,2022-10-04,2023-12-27
8501.40.19,85,,si,si,2022-08-25,2023-12-27
8501.40.21,85,BK,no,si,2022-10-04,2023-12-27
8501.40.29,85,BK,no,si,2022-10-04,2023-12-27
8501.51.10,85,BK,no,si,2022-10-04,2023-12-27
8501.51.20,85,BK,no,si,2022-10-04,2023-12-27
8501.51.90,85,BK,no,si,2022-10-04,2023-12-27
8501.52.10,85,BK,no,si,2022-10-04,2023-12-27
8501.52.20,85,BK,no,si,2022-10-04,2023-12-27
8501.52.90,85,BK,no,si,2022-10-04,2023-12-27
8501.53.10,85,BK,no,si,2022-10-04,2023-12-27
8501.53.20,85,BK,no,si,2022-10-04,2023-12-27
8501.53.30,85,BK,no,si,2022-10-04,2023-12-27
8501.53.90,85,BK,no,si,2022-10-04,2023-12-27
8501.61.00,85,BK,no,si,2022-10-04,2023-12-27
8501.62.00,85,BK,no,si,2022-10-04,2023-12-27
8501.63.00,85,BK,no,si,2022-10-04,2023-12-27
8501.64.00,85,BK,no,si,2022-10-04,2023-12-27
8502.11.10,85,BK,si,si,2022-08-25,2023-12-27
8502.11.90,85,BK,si,si,2022-08-25,2023-12-27
8502.12.10,85,BK,si,si,2022-08-25,2023-12-27
8502.12.90,85,BK,si,si,2022-08-25,2023-12-27
8502.13.11,85,BK,si,si,2022-08-25,2023-12-27
8502.13.19,85,BK,si,si,2022-08-25,2023-12-27
8502.13.90,85,BK,si,si,2022-08-25,2023-12-27
8502.20.11,85,BK,si,si,2022-08-25,2023-12-27
8502.20.19,85,BK,si,si,2022-08-25,2023-12-27
8502.20.90,85,BK,no,si,2022-10-04,2023-12-27
8502.31.00,85,BK,si,si,2022-08-25,2023-12-27
8502.39.00,85,BK,si,si,2022-08-25,2023-12-27
8502.40.10,85,BK,no,si,2022-10-04,2023-12-27
8502.40.90,85,BK,no,si,2022-10-04,2023-12-27
8503.00.10,85,,no,si,2022-10-04,2023-12-27
8503.00.90,85,BK,no,si,2022-10-04,2023-12-27
8504.10.00,85,,no,si,2022-10-04,2023-12-27
8504.21.00,85,BK,si,si,2022-08-25,2023-12-27
8504.22.00,85,BK,si,si,2022-08-25,2023-12-27
8504.23.00,85,BK,si,si,2022-08-25,2023-12-27
8504.31.11,85,,no,si,2022-10-04,2023-12-27
8504.31.19,85,,no,si,2022-10-04,2023-12-27
8504.31.91,85,BIT,no,si,2022-10-04,2023-12-27
8504.31.92,85,,no,si,2022-10-04,2023-12-27
8504.31.99,85,,no,si,2022-10-04,2023-12-27
8504.32.11,85,,no,si,2022-10-04,2023-12-27
8504.32.19,85,,no,si,2022-10-04,2023-12-27
8504.32.21,85,,no,si,2022-10-04,2023-12-27
8504.32.29,85,,no,si,2022-10-04,2023-12-27
8504.33.00,85,BK,si,si,2022-08-25,2023-12-27
8504.34.00,85,BK,si,si,2022-08-25,2023-12-27
8504.40.10,85,,si,si,2022-08-25,2023-12-27
8504.40.21,85,,no,si,2022-10-04,2023-12-27
8504.40.22,85,,no,si,2022-10-04,2023-12-27
8504.40.29,85,,no,si,2022-10-04,2023-12-27
8504.40.30,85,BK,no,si,2022-10-04,2023-12-27
8504.40.40,85,BIT,no,si,2022-10-04,2023-12-27
8504.40.50,85,BK,no,si,2022-10-04,2023-12-27
8504.40.60,85,,no,si,2022-10-04,2023-12-27
8504.40.90,85,BK,no,si,2022-10-04,2023-12-27
8504.50.00,85,,no,si,2022-10-04,2023-12-27
8504.90.10,85,,no,si,2022-10-04,2023-12-27
8504.90.20,85,,no,si,2022-10-04,2023-12-27
8504.90.30,85,BK,no,si,2022-10-04,2023-12-27
8504.90.40,85,BK,no,si,2022-10-04,2023-12-27
8504.90.90,85,,no,si,2022-10-04,2023-12-27
8505.11.00,85,,no,si,2022-10-04,2023-12-27
8505.19.10,85,,no,si,2022-10-04,2023-12-27
8505.19.90,85,,no,si,2022-10-04,2023-12-27
8505.20.10,85,BK,no,si,2022-10-04,2023-12-27
8505.20.90,85,BK,no,si,2022-10-04,2023-12-27
8505.90.10,85,,no,si,2022-10-04,2023-12-27
8505.90.80,85,BK,no,si,2022-10-04,2023-12-27
8505.90.90,85,BK,no,si,2022-10-04,2023-12-27
8506.10.10,85,,si,si,2022-08-25,2023-12-27
8506.10.20,85,,no,si,2022-10-04,2023-12-27
8506.10.31,85,,no,si,2022-10-04,2023-12-27
8506.10.39,85,,no,si,2022-10-04,2023-12-27
8506.30.10,85,,no,si,2022-10-04,2023-12-27
8506.30.90,85,,no,si,2022-10-04,2023-12-27
8506.40.10,85,,no,si,2022-10-04,2023-12-27
8506.40.90,85,,no,si,2022-10-04,2023-12-27
8506.50.10,85,,no,si,2022-10-04,2023-12-27
8506.50.90,85,,no,si,2022-10-04,2023-12-27
8506.60.10,85,,no,si,2022-10-04,2023-12-27
8506.60.90,85,,no,si,2022-10-04,2023-12-27
8506.80.10,85,,no,si,2022-10-04,2023-12-27
8506.80.90,85,,no,si,2022-10-04,2023-12-27
8506.90.00,85,,no,si,2022-10-04,2023-12-27
8507.10.10,85,,no,si,2022-10-04,2023-12-27
8507.10.90,85,,si,si,2022-08-25,2023-12-27
8507.20.10,85,,si,si,2022-08-25,2023-12-27
8507.20.90,85,,no,si,2022-10-04,2023-12-27
8507.30.11,85,,no,si,2022-10-04,2023-12-27
8507.30.19,85,,no,si,2022-10-04,2023-12-27
8507.30.90,85,,no,si,2022-10-04,2023-12-27
8507.40.00,85,,no,si,2022-10-04,2023-12-27
8507.50.10,85,,no,si,2022-10-04,2023-12-27
8507.50.20,85,,no,si,2022-10-04,2023-12-27
8507.50.90,85,,no,si,2022-10-04,2023-12-27
8507.60.00,85,,no,si,2022-10-04,2023-12-27
8507.80.00,85,,no,si,2022-10-04,2023-12-27
8507.90.10,85,,no,si,2022-10-04,2023-12-27
8507.90.20,85,,no,si,2022-10-04,2023-12-27
8507.90.90,85,,no,si,2022-10-04,2023-12-27
8508.11.00,85,,si,si,2022-08-25,2023-12-27
8508.19.00,85,,si,si,2022-08-25,2023-12-27
8508.60.00,85,BK,si,si,2022-08-25,2023-12-27
8508.70.00,85,BK,no,si,2022-10-04,2023-12-27
8509.40.10,85,,si,si,2022-08-25,2023-12-27
8509.40.20,85,,si,si,2022-08-25,2023-12-27
8509.40.30,85,,no,si,2022-10-04,2023-12-27
8509.40.40,85,,si,si,2022-08-25,2023-12-27
8509.40.50,85,,si,si,2022-08-25,2023-12-27
8509.40.90,85,,si,si,2022-08-25,2023-12-27
8509.80.10,85,,no,si,2022-10-04,2023-12-27
8509.80.90,85,,no,si,2022-10-04,2023-12-27
8509.90.00,85,,no,si,2022-10-04,2023-12-27
8510.10.00,85,,no,si,2022-10-04,2023-12-27
8510.20.00,85,BK,si,si,2022-08-25,2023-12-27
8510.30.00,85,,no,si,2022-10-04,2023-12-27
8510.90.11,85,,no,si,2022-10-04,2023-12-27
8510.90.19,85,,no,si,2022-10-04,2023-12-27
8510.90.20,85,BK,no,si,2022-10-04,2023-12-27
8510.90.90,85,BK,no,si,2022-10-04,2023-12-27
8511.10.00,85,,no,si,2022-10-04,2023-12-27
8511.20.10,85,,no,si,2022-10-04,2023-12-27
8511.20.90,85,,no,si,2022-10-04,2023-12-27
8511.30.10,85,,no,si,2022-10-04,2023-12-27
8511.30.20,85,,si,si,2022-08-25,2023-12-27
8511.40.00,85,,si,si,2022-08-25,2023-12-27
8511.50.10,85,,si,si,2022-08-25,2023-12-27
8511.50.90,85,,no,si,2022-10-04,2023-12-27
8511.80.10,85,,si,si,2022-08-25,2023-12-27
8511.80.20,85,,no,si,2022-10-04,2023-12-27
8511.80.30,85,BIT,si,si,2022-08-25,2023-12-27
8511.80.90,85,,si,si,2022-08-25,2023-12-27
8511.90.00,85,,si,si,2022-08-25,2023-12-27
8512.10.00,85,,no,si,2022-10-04,2023-12-27
8512.20.11,85,,si,si,2022-08-25,2023-12-27
8512.20.19,85,,si,si,2022-08-25,2023-12-27
8512.20.21,85,,no,si,2022-10-04,2023-12-27
8512.20.22,85,,si,si,2022-08-25,2023-12-27
8512.20.23,85,,si,si,2022-08-25,2023-12-27
8512.20.29,85,,no,si,2022-10-04,2023-12-27
8512.30.00,85,,no,si,2022-10-04,2023-12-27
8512.40.10,85,,no,si,2022-10-04,2023-12-27
8512.40.20,85,,no,si,2022-10-04,2023-12-27
8512.90.00,85,,si,si,2022-08-25,2023-12-27
8513.10.10,85,,si,si,2022-08-25,2023-12-27
8513.10.90,85,,no,si,2022-10-04,2023-12-27
8513.90.00,85,,no,si,2022-10-04,2023-12-27
8514.10.10,85,BK,no,si,2022-10-04,2023-12-27
8514.10.90,85,BK,no,si,2022-10-04,2023-12-27
8514.20.11,85,BK,no,si,2022-10-04,2023-12-27
8514.20.19,85,BK,no,si,2022-10-04,2023-12-27
8514.20.20,85,BK,no,si,2022-10-04,2023-12-27
8514.30.11,85,BK,no,si,2022-10-04,2023-12-27
8514.30.19,85,BK,no,si,2022-10-04,2023-12-27
8514.30.21,85,BK,no,si,2022-10-04,2023-12-27
8514.30.29,85,BK,no,si,2022-10-04,2023-12-27
8514.30.90,85,BK,no,si,2022-10-04,2023-12-27
8514.40.00,85,BK,no,si,2022-10-04,2023-12-27
8514.90.00,85,BK,no,si,2022-10-04,2023-12-27
8515.11.00,85,BK,no,si,2022-10-04,2023-12-27
8515.19.00,85,BK,si,si,2022-08-25,2023-12-27
8515.21.00,85,BK,no,si,2022-10-04,2023-12-27
8515.29.00,85,BK,no,si,2022-10-04,2023-12-27
8515.31.10,85,BK,no,si,2022-10-04,2023-12-27
8515.31.90,85,BK,si,si,2022-08-25,2023-12-27
8515.39.00,85,BK,si,si,2022-08-25,2023-12-27
8515.80.10,85,BK,no,si,2022-10-04,2023-12-27
8515.80.90,85,BK,si,si,2022-08-25,2023-12-27
8515.90.00,85,BK,no,si,2022-10-04,2023-12-27
8516.10.00,85,,si,si,2022-08-25,2023-12-27
8516.21.00,85,,no,si,2022-10-04,2023-12-27
8516.29.00,85,,si,si,2022-08-25,2023-12-27
8516.31.00,85,,si,si,2022-08-25,2023-12-27
8516.32.00,85,,no,si,2022-10-04,2023-12-27
8516.33.00,85,,no,si,2022-10-04,2023-12-27
8516.40.00,85,,si,si,2022-08-25,2023-12-27
8516.50.00,85,,si,si,2022-08-25,2023-12-27
8516.60.00,85,,si,si,2022-08-25,2023-12-27
8516.71.00,85,,si,si,2022-08-25,2023-12-27
8516.72.00,85,,si,si,2022-08-25,2023-12-27
8516.79.10,85,,no,si,2022-10-04,2023-12-27
8516.79.20,85,,no,si,2022-10-04,2023-12-27
8516.79.90,85,,si,si,2022-08-25,2023-12-27
8516.80.10,85,,no,si,2022-10-04,2023-12-27
8516.80.90,85,,no,si,2022-10-04,2023-12-27
8516.90.00,85,,no,si,2022-10-04,2023-12-27
8517.11.00,85,,no,si,2022-10-04,2023-12-27
8517.12.11,85,BIT,no,si,2022-10-04,2023-12-27
8517.12.12,85,BIT,no,si,2022-10-04,2023-12-27
8517.12.13,85,BIT,no,si,2022-10-04,2023-12-27
8517.12.19,85,BIT,no,si,2022-10-04,2023-12-27
8517.12.21,85,BIT,no,si,2022-10-04,2023-12-27
8517.12.22,85,BIT,no,si,2022-10-04,2023-12-27
8517.12.23,85,BIT,no,si,2022-10-04,2023-12-27
8517.12.29,85,BIT,no,si,2022-10-04,2023-12-27
8517.12.31,85,BIT,si,si,2022-08-25,2023-12-27
8517.12.32,85,BIT,no,si,2022-10-04,2023-12-27
8517.12.33,85,BIT,no,si,2022-10-04,2023-12-27
8517.12.39,85,BIT,no,si,2022-10-04,2023-12-27
8517.12.41,85,BIT,no,si,2022-10-04,2023-12-27
8517.12.49,85,BIT,no,si,2022-10-04,2023-12-27
8517.12.90,85,BIT,no,si,2022-10-04,2023-12-27
8517.18.10,85,,no,si,2022-10-04,2023-12-27
8517.18.20,85,BIT,no,si,2022-10-04,2023-12-27
8517.18.91,85,,no,si,2022-10-04,2023-12-27
8517.18.99,85,,no,si,2022-10-04,2023-12-27
8517.61.11,85,BIT,no,si,2022-10-04,2023-12-27
8517.61.19,85,BIT,no,si,2022-10-04,2023-12-27
8517.61.20,85,BIT,no,si,2022-10-04,2023-12-27
8517.61.30,85,BIT,no,si,2022-10-04,2023-12-27
8517.61.41,85,BIT,no,si,2022-10-04,2023-12-27
8517.61.42,85,BIT,no,si,2022-10-04,2023-12-27
8517.61.43,85,BIT,no,si,2022-10-04,2023-12-27
8517.61.49,85,BIT,no,si,2022-10-04,2023-12-27
8517.61.91,85,BIT,no,si,2022-10-04,2023-12-27
8517.61.92,85,BIT,no,si,2022-10-04,2023-12-27
8517.61.99,85,BIT,no,si,2022-10-04,2023-12-27
8517.62.11,85,BIT,no,si,2022-10-04,2023-12-27
8517.62.12,85,BIT,no,si,2022-10-04,2023-12-27
8517.62.13,85,BIT,no,si,2022-10-04,2023-12-27
8517.62.14,85,BIT,no,si,2022-10-04,2023-12-27
8517.62.19,85,BIT,no,si,2022-10-04,2023-12-27
8517.62.21,85,BIT,no,si,2022-10-04,2023-12-27
8517.62.22,85,BIT,no,si,2022-10-04,2023-12-27
8517.62.23,85,BIT,no,si,2022-10-04,2023-12-27
8517.62.24,85,BIT,no,si,2022-10-04,2023-12-27
8517.62.29,85,BIT,no,si,2022-10-04,2023-12-27
8517.62.31,85,BIT,no,si,2022-10-04,2023-12-27
8517.62.32,85,BIT,no,si,2022-10-04,2023-12-27
8517.62.33,85,BIT,no,si,2022-10-04,2023-12-27
8517.62.39,85,BIT,no,si,2022-10-04,2023-12-27
8517.62.41,85,BIT,no,si,2022-10-04,2023-12-27
8517.62.48,85,BIT,no,si,2022-10-04,2023-12-27
8517.62.49,85,BIT,no,si,2022-10-04,2023-12-27
8517.62.51,85,BIT,no,si,2022-10-04,2023-12-27
8517.62.52,85,BIT,no,si,2022-10-04,2023-12-27
8517.62.53,85,BIT,no,si,2022-10-04,2023-12-27
8517.62.54,85,BIT,no,si,2022-10-04,2023-12-27
8517.62.55,85,BIT,no,si,2022-10-04,2023-12-27
8517.62.59,85,BIT,no,si,2022-10-04,2023-12-27
8517.62.61,85,BIT,no,si,2022-10-04,2023-12-27
8517.62.62,85,BIT,no,si,2022-10-04,2023-12-27
8517.62.64,85,BIT,no,si,2022-10-04,2023-12-27
8517.62.65,85,BIT,no,si,2022-10-04,2023-12-27
8517.62.71,85,BIT,no,si,2022-10-04,2023-12-27
8517.62.72,85,BIT,no,si,2022-10-04,2023-12-27
8517.62.77,85,BIT,no,si,2022-10-04,2023-12-27
8517.62.78,85,BIT,no,si,2022-10-04,2023-12-27
8517.62.79,85,BIT,no,si,2022-10-04,2023-12-27
8517.62.91,85,BIT,no,si,2022-10-04,2023-12-27
8517.62.92,85,BIT,no,si,2022-10-04,2023-12-27
8517.62.93,85,BIT,no,si,2022-10-04,2023-12-27
8517.62.94,85,BIT,no,si,2022-10-04,2023-12-27
8517.62.95,85,BIT,no,si,2022-10-04,2023-12-27
8517.62.96,85,BIT,no,si,2022-10-04,2023-12-27
8517.62.99,85,,si,si,2022-08-25,2023-12-27
8517.69.00,85,BIT,no,si,2022-10-04,2023-12-27
8517.70.10,85,BIT,si,si,2022-08-25,2023-12-27
8517.70.21,85,BIT,no,si,2022-10-04,2023-12-27
8517.70.29,85,,no,si,2022-10-04,2023-12-27
8517.70.91,85,BIT,no,si,2022-10-04,2023-12-27
8517.70.92,85,BIT,no,si,2022-10-04,2023-12-27
8517.70.99,85,BIT,si,si,2022-08-25,2023-12-27
8518.10.10,85,BIT,no,si,2022-10-04,2023-12-27
8518.10.90,85,,no,si,2022-10-04,2023-12-27
8518.21.00,85,,si,si,2022-08-25,2023-12-27
8518.22.00,85,,si,si,2022-08-25,2023-12-27
8518.29.10,85,BIT,no,si,2022-10-04,2023-12-27
8518.29.90,85,,si,si,2022-08-25,2023-12-27
8518.30.00,85,,si,si,2022-08-25,2023-12-27
8518.40.00,85,,no,si,2022-10-04,2023-12-27
8518.50.00,85,,no,si,2022-10-04,2023-12-27
8518.90.10,85,,no,si,2022-10-04,2023-12-27
8518.90.90,85,,no,si,2022-10-04,2023-12-27
8519.20.00,85,,no,si,2022-10-04,2023-12-27
8519.30.00,85,,no,si,2022-10-04,2023-12-27
8519.50.00,85,,no,si,2022-10-04,2023-12-27
8519.81.10,85,,no,si,2022-10-04,2023-12-27
8519.81.20,85,BK,no,si,2022-10-04,2023-12-27
8519.81.90,85,,no,si,2022-10-04,2023-12-27
8519.89.00,85,,no,si,2022-10-04,2023-12-27
8521.10.10,85,BK,no,si,2022-10-04,2023-12-27
8521.10.81,85,,no,si,2022-10-04,2023-12-27
8521.10.89,85,,no,si,2022-10-04,2023-12-27
8521.10.90,85,BK,no,si,2022-10-04,2023-12-27
8521.90.10,85,BK,no,si,2022-10-04,2023-12-27
8521.90.90,85,,no,si,2022-10-04,2023-12-27
8522.10.00,85,,no,si,2022-10-04,2023-12-27
8522.90.10,85,,no,si,2022-10-04,2023-12-27
8522.90.20,85,,no,si,2022-10-04,2023-12-27
8522.90.30,85,,no,si,2022-10-04,2023-12-27
8522.90.40,85,,no,si,2022-10-04,2023-12-27
8522.90.50,85,,no,si,2022-10-04,2023-12-27
8522.90.90,85,,no,si,2022-10-04,2023-12-27
8523.21.10,85,,no,si,2022-10-04,2023-12-27
8523.21.20,85,,no,si,2022-10-04,2023-12-27
8523.29.11,85,BIT,no,si,2022-10-04,2023-12-27
8523.29.19,85,,no,si,2022-10-04,2023-12-27
8523.29.21,85,,no,si,2022-10-04,2023-12-27
8523.29.22,85,,no,si,2022-10-04,2023-12-27
8523.29.23,85,,no,si,2022-10-04,2023-12-27
8523.29.24,85,,no,si,2022-10-04,2023-12-27
8523.29.29,85,,no,si,2022-10-04,2023-12-27
8523.29.31,85,,no,si,2022-10-04,2023-12-27
8523.29.32,85,,no,si,2022-10-04,2023-12-27
8523.29.33,85,,no,si,2022-10-04,2023-12-27
8523.29.39,85,,no,si,2022-10-04,2023-12-27
8523.29.90,85,,no,si,2022-10-04,2023-12-27
8523.41.10,85,,no,si,2022-10-04,2023-12-27
8523.41.90,85,,no,si,2022-10-04,2023-12-27
8523.49.10,85,,no,si,2022-10-04,2023-12-27
8523.49.20,85,,no,si,2022-10-04,2023-12-27
8523.49.90,85,,no,si,2022-10-04,2023-12-27
8523.51.10,85,BIT,no,si,2022-10-04,2023-12-27
8523.51.90,85,,si,si,2022-08-25,2023-12-27
8523.52.00,85,BIT,no,si,2022-10-04,2023-12-27
8523.59.10,85,BIT,no,si,2022-10-04,2023-12-27
8523.59.90,85,,no,si,2022-10-04,2023-12-27
8523.80.00,85,,no,si,2022-10-04,2023-12-27
8525.50.11,85,BIT,no,si,2022-10-04,2023-12-27
8525.50.12,85,BIT,no,si,2022-10-04,2023-12-27
8525.50.19,85,BIT,no,si,2022-10-04,2023-12-27
8525.50.21,85,BIT,no,si,2022-10-04,2023-12-27
8525.50.22,85,BIT,no,si,2022-10-04,2023-12-27
8525.50.23,85,BIT,no,si,2022-10-04,2023-12-27
8525.50.24,85,BIT,no,si,2022-10-04,2023-12-27
8525.50.29,85,BIT,no,si,2022-10-04,2023-12-27
8525.60.10,85,BIT,no,si,2022-10-04,2023-12-27
8525.60.20,85,BIT,no,si,2022-10-04,2023-12-27
8525.60.90,85,BIT,no,si,2022-10-04,2023-12-27
8525.80.11,85,BK,no,si,2022-10-04,2023-12-27
8525.80.12,85,BK,no,si,2022-10-04,2023-12-27
8525.80.13,85,BK,no,si,2022-10-04,2023-12-27
8525.80.19,85,,no,si,2022-10-04,2023-12-27
8525.80.21,85,BK,no,si,2022-10-04,2023-12-27
8525.80.22,85,BK,no,si,2022-10-04,2023-12-27
8525.80.29,85,,si,si,2022-08-25,2023-12-27
8526.10.00,85,BK,no,si,2022-10-04,2023-12-27
8526.91.00,85,BK,no,si,2022-10-04,2023-12-27
8526.92.00,85,,no,si,2022-10-04,2023-12-27
8527.12.00,85,,no,si,2022-10-04,2023-12-27
8527.13.00,85,,si,si,2022-08-25,2023-12-27
8527.19.10,85,,no,si,2022-10-04,2023-12-27
8527.19.90,85,,si,si,2022-08-25,2023-12-27
8527.21.00,85,,no,si,2022-10-04,2023-12-27
8527.29.00,85,,no,si,2022-10-04,2023-12-27
8527.91.00,85,,no,si,2022-10-04,2023-12-27
8527.92.00,85,,no,si,2022-10-04,2023-12-27
8527.99.10,85,,no,si,2022-10-04,2023-12-27
8527.99.90,85,,no,si,2022-10-04,2023-12-27
8528.42.10,85,BIT,no,si,2022-10-04,2023-12-27
8528.42.20,85,BIT,no,si,2022-10-04,2023-12-27
8528.49.10,85,,no,si,2022-10-04,2023-12-27
8528.49.21,85,BIT,no,si,2022-10-04,2023-12-27
8528.49.29,85,,no,si,2022-10-04,2023-12-27
8528.52.10,85,BIT,no,si,2022-10-04,2023-12-27
8528.52.20,85,BIT,no,si,2022-10-04,2023-12-27
8528.59.10,85,,no,si,2022-10-04,2023-12-27
8528.59.20,85,,no,si,2022-10-04,2023-12-27
8528.62.00,85,BIT,no,si,2022-10-04,2023-12-27
8528.69.10,85,BK,no,si,2022-10-04,2023-12-27
8528.69.90,85,,no,si,2022-10-04,2023-12-27
8528.71.11,85,BIT,no,si,2022-10-04,2023-12-27
8528.71.19,85,,no,si,2022-10-04,2023-12-27
8528.71.90,85,,no,si,2022-10-04,2023-12-27
8528.72.00,85,,si,si,2022-08-25,2023-12-27
8528.73.00,85,,no,si,2022-10-04,2023-12-27
8529.10.11,85,,no,si,2022-10-04,2023-12-27
8529.10.19,85,,no,si,2022-10-04,2023-12-27
8529.10.90,85,,no,si,2022-10-04,2023-12-27
8529.90.11,85,BIT,no,si,2022-10-04,2023-12-27
8529.90.12,85,BIT,no,si,2022-10-04,2023-12-27
8529.90.19,85,BIT,no,si,2022-10-04,2023-12-27
8529.90.20,85,BIT,si,si,2022-08-25,2023-12-27
8529.90.30,85,BK,no,si,2022-10-04,2023-12-27
8529.90.40,85,BK,no,si,2022-10-04,2023-12-27
8529.90.90,85,,no,si,2022-10-04,2023-12-27
8530.10.10,85,BIT,no,si,2022-10-04,2023-12-27
8530.10.90,85,BK,no,si,2022-10-04,2023-12-27
8530.80.10,85,BIT,no,si,2022-10-04,2023-12-27
8530.80.90,85,BK,no,si,2022-10-04,2023-12-27
8530.90.00,85,BK,no,si,2022-10-04,2023-12-27
8531.10.10,85,,no,si,2022-10-04,2023-12-27
8531.10.90,85,,si,si,2022-08-25,2023-12-27
8531.20.00,85,BIT,no,si,2022-10-04,2023-12-27
8531.80.00,85,,si,si,2022-08-25,2023-12-27
8531.90.00,85,,no,si,2022-10-04,2023-12-27
8532.10.00,85,,no,si,2022-10-04,2023-12-27
8532.21.11,85,BIT,no,si,2022-10-04,2023-12-27
8532.21.19,85,BIT,no,si,2022-10-04,2023-12-27
8532.21.20,85,,no,si,2022-10-04,2023-12-27
8532.21.90,85,,no,si,2022-10-04,2023-12-27
8532.22.00,85,,si,si,2022-08-25,2023-12-27
8532.23.10,85,BIT,no,si,2022-10-04,2023-12-27
8532.23.90,85,,no,si,2022-10-04,2023-12-27
8532.24.10,85,BIT,no,si,2022-10-04,2023-12-27
8532.24.20,85,,no,si,2022-10-04,2023-12-27
8532.24.90,85,,no,si,2022-10-04,2023-12-27
8532.25.10,85,BIT,no,si,2022-10-04,2023-12-27
8532.25.90,85,,no,si,2022-10-04,2023-12-27
8532.29.10,85,BIT,no,si,2022-10-04,2023-12-27
8532.29.90,85,,no,si,2022-10-04,2023-12-27
8532.30.10,85,BIT,no,si,2022-10-04,2023-12-27
8532.30.90,85,,no,si,2022-10-04,2023-12-27
8532.90.00,85,,no,si,2022-10-04,2023-12-27
8533.10.00,85,,no,si,2022-10-04,2023-12-27
8533.21.10,85,,no,si,2022-10-04,2023-12-27
8533.21.20,85,BIT,no,si,2022-10-04,2023-12-27
8533.21.90,85,,no,si,2022-10-04,2023-12-27
8533.29.00,85,,no,si,2022-10-04,2023-12-27
8533.31.10,85,,no,si,2022-10-04,2023-12-27
8533.31.90,85,,no,si,2022-10-04,2023-12-27
8533.39.10,85,,no,si,2022-10-04,2023-12-27
8533.39.90,85,,no,si,2022-10-04,2023-12-27
8533.40.11,85,,no,si,2022-10-04,2023-12-27
8533.40.12,85,,no,si,2022-10-04,2023-12-27
8533.40.13,85,,no,si,2022-10-04,2023-12-27
8533.40.19,85,,no,si,2022-10-04,2023-12-27
8533.40.91,85,,no,si,2022-10-04,2023-12-27
8533.40.92,85,,no,si,2022-10-04,2023-12-27
8533.40.99,85,,no,si,2022-10-04,2023-12-27
8533.90.00,85,,no,si,2022-10-04,2023-12-27
8534.00.11,85,BIT,no,si,2022-10-04,2023-12-27
8534.00.12,85,BIT,no,si,2022-10-04,2023-12-27
8534.00.13,85,BIT,no,si,2022-10-04,2023-12-27
8534.00.19,85,BIT,no,si,2022-10-04,2023-12-27
8534.00.20,85,BIT,no,si,2022-10-04,2023-12-27
8534.00.31,85,BIT,no,si,2022-10-04,2023-12-27
8534.00.32,85,BIT,no,si,2022-10-04,2023-12-27
8534.00.33,85,BIT,no,si,2022-10-04,2023-12-27
8534.00.39,85,BIT,no,si,2022-10-04,2023-12-27
8534.00.40,85,BIT,no,si,2022-10-04,2023-12-27
8534.00.51,85,BIT,no,si,2022-10-04,2023-12-27
8534.00.59,85,BIT,no,si,2022-10-04,2023-12-27
8535.10.00,85,,si,si,2022-08-25,2023-12-27
8535.21.00,85,,si,si,2022-08-25,2023-12-27
8535.29.00,85,,si,si,2022-08-25,2023-12-27
8535.30.13,85,,si,si,2022-08-25,2023-12-27
8535.30.17,85,,si,si,2022-08-25,2023-12-27
8535.30.18,85,,si,si,2022-08-25,2023-12-27
8535.30.19,85,,si,si,2022-08-25,2023-12-27
8535.30.23,85,,si,si,2022-08-25,2023-12-27
8535.30.27,85,,si,si,2022-08-25,2023-12-27
8535.30.28,85,,si,si,2022-08-25,2023-12-27
8535.30.29,85,,si,si,2022-08-25,2023-12-27
8535.40.10,85,,no,si,2022-10-04,2023-12-27
8535.40.90,85,,no,si,2022-10-04,2023-12-27
8535.90.00,85,,no,si,2022-10-04,2023-12-27
8536.10.00,85,,si,si,2022-08-25,2023-12-27
8536.20.00,85,,si,si,2022-08-25,2023-12-27
8536.30.10,85,,no,si,2022-10-04,2023-12-27
8536.30.90,85,,no,si,2022-10-04,2023-12-27
8536.41.00,85,,si,si,2022-08-25,2023-12-27
8536.49.00,85,,no,si,2022-10-04,2023-12-27
8536.50.10,85,BIT,no,si,2022-10-04,2023-12-27
8536.50.20,85,BIT,no,si,2022-10-04,2023-12-27
8536.50.30,85,BIT,no,si,2022-10-04,2023-12-27
8536.50.90,85,BIT,no,si,2022-10-04,2023-12-27
8536.61.00,85,,no,si,2022-10-04,2023-12-27
8536.69.10,85,,no,si,2022-10-04,2023-12-27
8536.69.90,85,,no,si,2022-10-04,2023-12-27
8536.70.00,85,,no,si,2022-10-04,2023-12-27
8536.90.10,85,,no,si,2022-10-04,2023-12-27
8536.90.20,85,,no,si,2022-10-04,2023-12-27
8536.90.30,85,,no,si,2022-10-04,2023-12-27
8536.90.40,85,BIT,no,si,2022-10-04,2023-12-27
8536.90.50,85,,no,si,2022-10-04,2023-12-27
8536.90.60,85,,no,si,2022-10-04,2023-12-27
8536.90.90,85,,no,si,2022-10-04,2023-12-27
8537.10.11,85,BIT,no,si,2022-10-04,2023-12-27
8537.10.19,85,BIT,no,si,2022-10-04,2023-12-27
8537.10.20,85,BIT,no,si,2022-10-04,2023-12-27
8537.10.30,85,BIT,si,si,2022-08-25,2023-12-27
8537.10.90,85,,si,si,2022-08-25,2023-12-27
8537.20.10,85,BK,no,si,2022-10-04,2023-12-27
8537.20.90,85,,no,si,2022-10-04,2023-12-27
8538.10.00,85,,no,si,2022-10-04,2023-12-27
8538.90.10,85,BIT,no,si,2022-10-04,2023-12-27
8538.90.20,85,,no,si,2022-10-04,2023-12-27
8538.90.90,85,,no,si,2022-10-04,2023-12-27
8539.10.10,85,,no,si,2022-10-04,2023-12-27
8539.10.90,85,,no,si,2022-10-04,2023-12-27
8539.21.10,85,,no,si,2022-10-04,2023-12-27
8539.21.90,85,,no,si,2022-10-04,2023-12-27
8539.22.00,85,,no,si,2022-10-04,2023-12-27
8539.29.10,85,,no,si,2022-10-04,2023-12-27
8539.29.90,85,,no,si,2022-10-04,2023-12-27
8539.31.00,85,,no,si,2022-10-04,2023-12-27
8539.32.00,85,,no,si,2022-10-04,2023-12-27
8539.39.00,85,,no,si,2022-10-04,2023-12-27
8539.41.10,85,,no,si,2022-10-04,2023-12-27
8539.41.90,85,,no,si,2022-10-04,2023-12-27
8539.49.00,85,,no,si,2022-10-04,2023-12-27
8539.50.00,85,,no,si,2022-10-04,2023-12-27
8539.90.10,85,,no,si,2022-10-04,2023-12-27
8539.90.20,85,,no,si,2022-10-04,2023-12-27
8539.90.90,85,,no,si,2022-10-04,2023-12-27
8540.11.00,85,,no,si,2022-10-04,2023-12-27
8540.12.00,85,,no,si,2022-10-04,2023-12-27
8540.20.11,85,,no,si,2022-10-04,2023-12-27
8540.20.19,85,,no,si,2022-10-04,2023-12-27
8540.20.20,85,BK,no,si,2022-10-04,2023-12-27
8540.20.90,85,,no,si,2022-10-04,2023-12-27
8540.40.00,85,BIT,no,si,2022-10-04,2023-12-27
8540.60.10,85,,no,si,2022-10-04,2023-12-27
8540.60.90,85,,no,si,2022-10-04,2023-12-27
8540.71.00,85,,no,si,2022-10-04,2023-12-27
8540.79.00,85,,no,si,2022-10-04,2023-12-27
8540.81.00,85,,no,si,2022-10-04,2023-12-27
8540.89.10,85,,no,si,2022-10-04,2023-12-27
8540.89.90,85,,no,si,2022-10-04,2023-12-27
8540.91.10,85,,no,si,2022-10-04,2023-12-27
8540.91.20,85,,no,si,2022-10-04,2023-12-27
8540.91.30,85,,no,si,2022-10-04,2023-12-27
8540.91.40,85,,no,si,2022-10-04,2023-12-27
8540.91.90,85,,no,si,2022-10-04,2023-12-27
8540.99.00,85,,no,si,2022-10-04,2023-12-27
8541.10.11,85,BIT,no,si,2022-10-04,2023-12-27
8541.10.12,85,BIT,no,si,2022-10-04,2023-12-27
8541.10.19,85,BIT,no,si,2022-10-04,2023-12-27
8541.10.21,85,BIT,no,si,2022-10-04,2023-12-27
8541.10.22,85,BIT,no,si,2022-10-04,2023-12-27
8541.10.29,85,BIT,no,si,2022-10-04,2023-12-27
8541.10.31,85,,no,si,2022-10-04,2023-12-27
8541.10.32,85,,no,si,2022-10-04,2023-12-27
8541.10.39,85,,no,si,2022-10-04,2023-12-27
8541.10.91,85,BIT,no,si,2022-10-04,2023-12-27
8541.10.92,85,BIT,no,si,2022-10-04,2023-12-27
8541.10.99,85,BIT,no,si,2022-10-04,2023-12-27
8541.21.10,85,BIT,no,si,2022-10-04,2023-12-27
8541.21.20,85,BIT,no,si,2022-10-04,2023-12-27
8541.21.91,85,BIT,no,si,2022-10-04,2023-12-27
8541.21.99,85,BIT,no,si,2022-10-04,2023-12-27
8541.29.10,85,BIT,no,si,2022-10-04,2023-12-27
8541.29.20,85,BIT,no,si,2022-10-04,2023-12-27
8541.30.11,85,BIT,no,si,2022-10-04,2023-12-27
8541.30.19,85,BIT,no,si,2022-10-04,2023-12-27
8541.30.21,85,BIT,no,si,2022-10-04,2023-12-27
8541.30.29,85,BIT,no,si,2022-10-04,2023-12-27
8541.40.11,85,BIT,no,si,2022-10-04,2023-12-27
8541.40.12,85,BIT,no,si,2022-10-04,2023-12-27
8541.40.13,85,BIT,no,si,2022-10-04,2023-12-27
8541.40.14,85,BIT,no,si,2022-10-04,2023-12-27
8541.40.15,85,BIT,no,si,2022-10-04,2023-12-27
8541.40.16,85,BIT,no,si,2022-10-04,2023-12-27
8541.40.19,85,BIT,no,si,2022-10-04,2023-12-27
8541.40.21,85,BIT,no,si,2022-10-04,2023-12-27
8541.40.22,85,BIT,no,si,2022-10-04,2023-12-27
8541.40.23,85,BIT,no,si,2022-10-04,2023-12-27
8541.40.24,85,BIT,no,si,2022-10-04,2023-12-27
8541.40.25,85,BIT,no,si,2022-10-04,2023-12-27
8541.40.26,85,BIT,no,si,2022-10-04,2023-12-27
8541.40.27,85,BIT,no,si,2022-10-04,2023-12-27
8541.40.29,85,BIT,no,si,2022-10-04,2023-12-27
8541.40.31,85,BIT,no,si,2022-10-04,2023-12-27
8541.40.32,85,BIT,no,si,2022-10-04,2023-12-27
8541.40.39,85,BIT,no,si,2022-10-04,2023-12-27
8541.50.10,85,BIT,no,si,2022-10-04,2023-12-27
8541.50.20,85,BIT,no,si,2022-10-04,2023-12-27
8541.60.10,85,BIT,no,si,2022-10-04,2023-12-27
8541.60.90,85,BIT,no,si,2022-10-04,2023-12-27
8541.90.10,85,BIT,no,si,2022-10-04,2023-12-27
8541.90.20,85,BIT,no,si,2022-10-04,2023-12-27
8541.90.90,85,BIT,no,si,2022-10-04,2023-12-27
8542.31.10,85,BIT,no,si,2022-10-04,2023-12-27
8542.31.20,85,BIT,no,si,2022-10-04,2023-12-27
8542.31.90,85,BIT,no,si,2022-10-04,2023-12-27
8542.32.10,85,BIT,no,si,2022-10-04,2023-12-27
8542.32.21,85,BIT,no,si,2022-10-04,2023-12-27
8542.32.29,85,BIT,no,si,2022-10-04,2023-12-27
8542.32.91,85,BIT,no,si,2022-10-04,2023-12-27
8542.32.99,85,BIT,no,si,2022-10-04,2023-12-27
8542.33.11,85,BIT,no,si,2022-10-04,2023-12-27
8542.33.19,85,BIT,no,si,2022-10-04,2023-12-27
8542.33.20,85,BIT,no,si,2022-10-04,2023-12-27
8542.33.90,85,BIT,no,si,2022-10-04,2023-12-27
8542.39.11,85,BIT,no,si,2022-10-04,2023-12-27
8542.39.19,85,BIT,no,si,2022-10-04,2023-12-27
8542.39.20,85,BIT,no,si,2022-10-04,2023-12-27
8542.39.31,85,BIT,no,si,2022-10-04,2023-12-27
8542.39.39,85,BIT,no,si,2022-10-04,2023-12-27
8542.39.91,85,BIT,no,si,2022-10-04,2023-12-27
8542.39.99,85,BIT,no,si,2022-10-04,2023-12-27
8542.90.10,85,BIT,no,si,2022-10-04,2023-12-27
8542.90.20,85,BIT,no,si,2022-10-04,2023-12-27
8542.90.90,85,BIT,no,si,2022-10-04,2023-12-27
8543.10.00,85,BK,no,si,2022-10-04,2023-12-27
8543.20.00,85,BK,no,si,2022-10-04,2023-12-27
8543.30.10,85,,no,si,2022-10-04,2023-12-27
8543.30.90,85,,no,si,2022-10-04,2023-12-27
8543.70.11,85,BIT,no,si,2022-10-04,2023-12-27
8543.70.12,85,BIT,no,si,2022-10-04,2023-12-27
8543.70.13,85,BIT,no,si,2022-10-04,2023-12-27
8543.70.14,85,BIT,no,si,2022-10-04,2023-12-27
8543.70.15,85,BIT,no,si,2022-10-04,2023-12-27
8543.70.19,85,BIT,no,si,2022-10-04,2023-12-27
8543.70.20,85,,no,si,2022-10-04,2023-12-27
8543.70.31,85,BIT,no,si,2022-10-04,2023-12-27
8543.70.32,85,BIT,no,si,2022-10-04,2023-12-27
8543.70.33,85,BIT,no,si,2022-10-04,2023-12-27
8543.70.34,85,BIT,no,si,2022-10-04,2023-12-27
8543.70.35,85,BIT,no,si,2022-10-04,2023-12-27
8543.70.36,85,BIT,no,si,2022-10-04,2023-12-27
8543.70.39,85,BIT,no,si,2022-10-04,2023-12-27
8543.70.40,85,BIT,no,si,2022-10-04,2023-12-27
8543.70.50,85,BIT,no,si,2022-10-04,2023-12-27
8543.70.91,85,BIT,no,si,2022-10-04,2023-12-27
8543.70.92,85,BIT,no,si,2022-10-04,2023-12-27
8543.70.99,85,BIT,si,si,2022-08-25,2023-12-27
8543.90.10,85,,no,si,2022-10-04,2023-12-27
8543.90.90,85,BK,no,si,2022-10-04,2023-12-27
8544.11.00,85,,si,si,2022-08-25,2023-12-27
8544.19.10,85,,si,si,2022-08-25,2023-12-27
8544.19.90,85,,no,si,2022-10-04,2023-12-27
8544.20.00,85,,si,si,2022-08-25,2023-12-27
8544.30.00,85,,si,si,2022-08-25,2023-12-27
8544.42.00,85,,si,si,2022-08-25,2023-12-27
8544.49.00,85,,si,si,2022-08-25,2023-12-27
8544.60.00,85,,si,si,2022-08-25,2023-12-27
8544.70.10,85,BIT,no,si,2022-10-04,2023-12-27
8544.70.20,85,BIT,no,si,2022-10-04,2023-12-27
8544.70.30,85,BIT,no,si,2022-10-04,2023-12-27
8544.70.90,85,BIT,no,si,2022-10-04,2023-12-27
8545.19.10,85,,no,si,2022-10-04,2023-12-27
8545.19.20,85,,no,si,2022-10-04,2023-12-27
8545.19.90,85,,no,si,2022-10-04,2023-12-27
8545.20.00,85,,no,si,2022-10-04,2023-12-27
8545.90.10,85,,no,si,2022-10-04,2023-12-27
8545.90.20,85,,no,si,2022-10-04,2023-12-27
8545.90.30,85,,no,si,2022-10-04,2023-12-27
8545.90.90,85,,no,si,2022-10-04,2023-12-27
8546.10.00,85,,si,si,2022-08-25,2023-12-27
8546.20.00,85,,si,si,2022-08-25,2023-12-27
8546.90.00,85,,no,si,2022-10-04,2023-12-27
8547.10.00,85,,no,si,2022-10-04,2023-12-27
8547.20.10,85,,no,si,2022-10-04,2023-12-27
8547.20.90,85,,no,si,2022-10-04,2023-12-27
8547.90.00,85,,no,si,2022-10-04,2023-12-27
8548.10.10,85,,no,si,2022-10-04,2023-12-27
8548.10.90,85,,no,si,2022-10-04,2023-12-27
8548.90.10,85,,si,si,2022-08-25,2023-12-27
8548.90.90,85,,no,si,2022-10-04,2023-12-27
8601.10.00,86,BK,no,si,2022-10-04,2023-12-27
8601.20.00,86,BK,no,si,2022-10-04,2023-12-27
8602.10.00,86,BK,no,si,2022-10-04,2023-12-27
8602.90.00,86,BK,no,si,2022-10-04,2023-12-27
8603.10.00,86,BK,no,si,2022-10-04,2023-12-27
8603.90.00,86,BK,no,si,2022-10-04,2023-12-27
8604.00.10,86,BK,no,si,2022-10-04,2023-12-27
8604.00.90,86,BK,no,si,2022-10-04,2023-12-27
8605.00.10,86,BK,no,si,2022-10-04,2023-12-27
8605.00.90,86,BK,no,si,2022-10-04,2023-12-27
8606.10.00,86,BK,no,si,2022-10-04,2023-12-27
8606.30.00,86,BK,no,si,2022-10-04,2023-12-27
8606.91.00,86,BK,no,si,2022-10-04,2023-12-27
8606.92.00,86,BK,no,si,2022-10-04,2023-12-27
8606.99.00,86,BK,no,si,2022-10-04,2023-12-27
8607.11.10,86,BK,no,si,2022-10-04,2023-12-27
8607.11.20,86,BK,no,si,2022-10-04,2023-12-27
8607.12.00,86,BK,no,si,2022-10-04,2023-12-27
8607.19.11,86,BK,no,si,2022-10-04,2023-12-27
8607.19.19,86,BK,no,si,2022-10-04,2023-12-27
8607.19.90,86,BK,si,si,2022-08-25,2023-12-27
8607.21.00,86,BK,si,si,2022-08-25,2023-12-27
8607.29.00,86,BK,no,si,2022-10-04,2023-12-27
8607.30.00,86,BK,si,si,2022-08-25,2023-12-27
8607.91.00,86,BK,no,si,2022-10-04,2023-12-27
8607.99.00,86,BK,no,si,2022-10-04,2023-12-27
8608.00.11,86,BK,no,si,2022-10-04,2023-12-27
8608.00.12,86,BK,no,si,2022-10-04,2023-12-27
8608.00.90,86,BK,si,si,2022-08-25,2023-12-27
8609.00.00,86,BK,no,si,2022-10-04,2023-12-27
8701.10.00,87,BK,no,si,2022-10-04,2023-12-27
8701.20.00,87,,si,si,2022-08-25,2023-12-27
8701.30.00,87,BK,no,si,2022-10-04,2023-12-27
8701.91.00,87,BK,si,si,2022-08-25,2023-12-27
8701.92.00,87,BK,si,si,2022-08-25,2023-12-27
8701.93.00,87,BK,si,si,2022-08-25,2023-12-27
8701.94.10,87,BK,no,si,2022-10-04,2023-12-27
8701.94.90,87,BK,si,si,2022-08-25,2023-12-27
8701.95.10,87,BK,no,si,2022-10-04,2023-12-27
8701.95.90,87,BK,si,si,2022-08-25,2023-12-27
8702.10.00,87,,si,si,2022-08-25,2023-12-27
8702.20.00,87,,si,si,2022-08-25,2023-12-27
8702.30.00,87,,no,si,2022-10-04,2023-12-27
8702.40.10,87,,no,si,2022-10-04,2023-12-27
8702.40.90,87,,no,si,2022-10-04,2023-12-27
8702.90.00,87,,si,si,2022-08-25,2023-12-27
8703.10.00,87,,no,si,2022-10-04,2023-12-27
8703.21.00,87,,si,si,2022-08-25,2023-12-27
8703.22.10,87,,si,si,2022-08-25,2023-12-27
8703.22.90,87,,si,si,2022-08-25,2023-12-27
8703.23.10,87,,si,si,2022-08-25,2023-12-27
8703.23.90,87,,si,si,2022-08-25,2023-12-27
8703.24.10,87,,si,si,2022-08-25,2023-12-27
8703.24.90,87,,si,si,2022-08-25,2023-12-27
8703.31.10,87,,si,si,2022-08-25,2023-12-27
8703.31.90,87,,si,si,2022-08-25,2023-12-27
8703.32.10,87,,si,si,2022-08-25,2023-12-27
8703.32.90,87,,si,si,2022-08-25,2023-12-27
8703.33.10,87,,si,si,2022-08-25,2023-12-27
8703.33.90,87,,si,si,2022-08-25,2023-12-27
8703.40.00,87,,si,si,2022-08-25,2023-12-27
8703.50.00,87,,no,si,2022-10-04,2023-12-27
8703.60.00,87,,si,si,2022-08-25,2023-12-27
8703.70.00,87,,no,si,2022-10-04,2023-12-27
8703.80.00,87,,si,si,2022-08-25,2023-12-27
8703.90.00,87,,si,si,2022-08-25,2023-12-27
8704.10.10,87,BK,no,si,2022-10-04,2023-12-27
8704.10.90,87,BK,no,si,2022-10-04,2023-12-27
8704.21.10,87,,si,si,2022-08-25,2023-12-27
8704.21.20,87,,no,si,2022-10-04,2023-12-27
8704.21.30,87,,no,si,2022-10-04,2023-12-27
8704.21.90,87,,si,si,2022-08-25,2023-12-27
8704.22.10,87,,si,si,2022-08-25,2023-12-27
8704.22.20,87,,si,si,2022-08-25,2023-12-27
8704.22.30,87,,no,si,2022-10-04,2023-12-27
8704.22.90,87,,si,si,2022-08-25,2023-12-27
8704.23.10,87,,si,si,2022-08-25,2023-12-27
8704.23.20,87,,si,si,2022-08-25,2023-12-27
8704.23.30,87,,no,si,2022-10-04,2023-12-27
8704.23.40,87,,no,si,2022-10-04,2023-12-27
8704.23.90,87,,si,si,2022-08-25,2023-12-27
8704.31.10,87,,si,si,2022-08-25,2023-12-27
8704.31.20,87,,no,si,2022-10-04,2023-12-27
8704.31.30,87,,no,si,2022-10-04,2023-12-27
8704.31.90,87,,si,si,2022-08-25,2023-12-27
8704.32.10,87,,si,si,2022-08-25,2023-12-27
8704.32.20,87,,no,si,2022-10-04,2023-12-27
8704.32.30,87,,no,si,2022-10-04,2023-12-27
8704.32.90,87,,no,si,2022-10-04,2023-12-27
8704.90.00,87,,si,si,2022-08-25,2023-12-27
8705.10.10,87,BK,no,si,2022-10-04,2023-12-27
8705.10.90,87,,no,si,2022-10-04,2023-12-27
8705.20.00,87,,no,si,2022-10-04,2023-12-27
8705.30.00,87,,no,si,2022-10-04,2023-12-27
8705.40.00,87,,no,si,2022-10-04,2023-12-27
8705.90.10,87,,no,si,2022-10-04,2023-12-27
8705.90.90,87,,no,si,2022-10-04,2023-12-27
8706.00.10,87,,si,si,2022-08-25,2023-12-27
8706.00.20,87,BK,no,si,2022-10-04,2023-12-27
8706.00.90,87,,no,si,2022-10-04,2023-12-27
8707.10.00,87,,no,si,2022-10-04,2023-12-27
8707.90.10,87,BK,no,si,2022-10-04,2023-12-27
8707.90.90,87,,si,si,2022-08-25,2023-12-27
8708.10.00,87,,no,si,2022-10-04,2023-12-27
8708.21.00,87,,no,si,2022-10-04,2023-12-27
8708.29.11,87,BK,no,si,2022-10-04,2023-12-27
8708.29.12,87,BK,no,si,2022-10-04,2023-12-27
8708.29.13,87,BK,no,si,2022-10-04,2023-12-27
8708.29.14,87,BK,no,si,2022-10-04,2023-12-27
8708.29.19,87,BK,no,si,2022-10-04,2023-12-27
8708.29.91,87,,no,si,2022-10-04,2023-12-27
8708.29.92,87,,no,si,2022-10-04,2023-12-27
8708.29.93,87,,no,si,2022-10-04,2023-12-27
8708.29.94,87,,no,si,2022-10-04,2023-12-27
8708.29.95,87,,no,si,2022-10-04,2023-12-27
8708.29.99,87,,si,si,2022-08-25,2023-12-27
8708.30.11,87,BK,no,si,2022-10-04,2023-12-27
8708.30.19,87,,si,si,2022-08-25,2023-12-27
8708.30.90,87,,si,si,2022-08-25,2023-12-27
8708.40.11,87,BK,no,si,2022-10-04,2023-12-27
8708.40.19,87,BK,no,si,2022-10-04,2023-12-27
8708.40.80,87,,no,si,2022-10-04,2023-12-27
8708.40.90,87,,no,si,2022-10-04,2023-12-27
8708.50.12,87,BK,no,si,2022-10-04,2023-12-27
8708.50.14,87,,no,si,2022-10-04,2023-12-27
8708.50.19,87,BK,no,si,2022-10-04,2023-12-27
8708.50.80,87,,si,si,2022-08-25,2023-12-27
8708.50.91,87,BK,no,si,2022-10-04,2023-12-27
8708.50.99,87,,si,si,2022-08-25,2023-12-27
8708.70.10,87,BK,no,si,2022-10-04,2023-12-27
8708.70.90,87,,si,si,2022-08-25,2023-12-27
8708.80.00,87,,si,si,2022-08-25,2023-12-27
8708.91.00,87,,si,si,2022-08-25,2023-12-27
8708.92.00,87,,no,si,2022-10-04,2023-12-27
8708.93.00,87,,si,si,2022-08-25,2023-12-27
8708.94.11,87,BK,no,si,2022-10-04,2023-12-27
8708.94.12,87,BK,no,si,2022-10-04,2023-12-27
8708.94.13,87,BK,si,si,2022-08-25,2023-12-27
8708.94.81,87,,no,si,2022-10-04,2023-12-27
8708.94.82,87,,no,si,2022-10-04,2023-12-27
8708.94.83,87,,si,si,2022-08-25,2023-12-27
8708.94.90,87,,si,si,2022-08-25,2023-12-27
8708.95.10,87,,no,si,2022-10-04,2023-12-27
8708.95.21,87,,no,si,2022-10-04,2023-12-27
8708.95.22,87,,no,si,2022-10-04,2023-12-27
8708.95.29,87,,no,si,2022-10-04,2023-12-27
8708.99.10,87,,no,si,2022-10-04,2023-12-27
8708.99.90,87,,si,si,2022-08-25,2023-12-27
8709.11.00,87,BK,no,si,2022-10-04,2023-12-27
8709.19.00,87,BK,si,si,2022-08-25,2023-12-27
8709.90.00,87,BK,no,si,2022-10-04,2023-12-27
8710.00.00,87,,no,si,2022-10-04,2023-12-27
8711.00.00,87,,si,no,2022-08-25,2022-10-04
8711.10.00,87,,si,si,2022-08-25,2023-12-27
8711.20.10,87,,si,si,2022-08-25,2023-12-27
8711.20.20,87,,si,si,2022-08-25,2023-12-27
8711.20.90,87,,si,si,2022-08-25,2023-12-27
8711.30.00,87,,si,si,2022-08-25,2023-12-27
8711.40.00,87,,si,si,2022-08-25,2023-12-27
8711.50.00,87,,si,si,2022-08-25,2023-12-27
8711.60.00,87,,si,si,2022-08-25,2023-12-27
8711.90.00,87,,no,si,2022-10-04,2023-12-27
8712.00.10,87,,si,si,2022-08-25,2023-12-27
8712.00.90,87,,si,si,2022-08-25,2023-12-27
8713.10.00,87,,no,si,2022-10-04,2023-12-27
8713.90.00,87,,no,si,2022-10-04,2023-12-27
8714.10.00,87,,si,si,2022-08-25,2023-12-27
8714.20.00,87,,no,si,2022-10-04,2023-12-27
8714.91.00,87,,no,si,2022-10-04,2023-12-27
8714.92.00,87,,no,si,2022-10-04,2023-12-27
8714.93.10,87,,no,si,2022-10-04,2023-12-27
8714.93.20,87,,no,si,2022-10-04,2023-12-27
8714.94.10,87,,no,si,2022-10-04,2023-12-27
8714.94.90,87,,no,si,2022-10-04,2023-12-27
8714.95.00,87,,no,si,2022-10-04,2023-12-27
8714.96.00,87,,no,si,2022-10-04,2023-12-27
8714.99.10,87,,no,si,2022-10-04,2023-12-27
8714.99.90,87,,no,si,2022-10-04,2023-12-27
8715.00.00,87,,no,si,2022-10-04,2023-12-27
8716.10.00,87,,no,si,2022-10-04,2023-12-27
8716.20.00,87,BK,no,si,2022-10-04,2023-12-27
8716.31.00,87,,no,si,2022-10-04,2023-12-27
8716.39.00,87,,si,si,2022-08-25,2023-12-27
8716.40.00,87,,no,si,2022-10-04,2023-12-27
8716.80.00,87,,no,si,2022-10-04,2023-12-27
8716.90.10,87,,no,si,2022-10-04,2023-12-27
8716.90.90,87,,si,si,2022-08-25,2023-12-27
8801.00.00,88,,no,si,2022-10-04,2023-12-27
8802.11.00,88,BK,no,si,2022-10-04,2023-12-27
8802.12.10,88,BK,si,si,2022-08-25,2023-12-27
8802.12.90,88,BK,no,si,2022-10-04,2023-12-27
8802.20.10,88,BK,si,si,2022-08-25,2023-12-27
8802.20.21,88,BK,no,si,2022-10-04,2023-12-27
8802.20.22,88,BK,no,si,2022-10-04,2023-12-27
8802.20.90,88,BK,no,si,2022-10-04,2023-12-27
8802.30.10,88,BK,no,si,2022-10-04,2023-12-27
8802.30.21,88,BK,no,si,2022-10-04,2023-12-27
8802.30.29,88,BK,no,si,2022-10-04,2023-12-27
8802.30.31,88,BK,no,si,2022-10-04,2023-12-27
8802.30.39,88,BK,no,si,2022-10-04,2023-12-27
8802.30.90,88,BK,no,si,2022-10-04,2023-12-27
8802.40.10,88,BK,no,si,2022-10-04,2023-12-27
8802.40.90,88,BK,no,si,2022-10-04,2023-12-27
8802.60.00,88,BK,no,si,2022-10-04,2023-12-27
8803.10.00,88,BK,no,si,2022-10-04,2023-12-27
8803.20.00,88,BK,no,si,2022-10-04,2023-12-27
8803.30.00,88,BK,no,si,2022-10-04,2023-12-27
8803.90.00,88,BK,no,si,2022-10-04,2023-12-27
8804.00.00,88,,no,si,2022-10-04,2023-12-27
8805.10.00,88,BK,no,si,2022-10-04,2023-12-27
8805.21.00,88,BK,no,si,2022-10-04,2023-12-27
8805.29.00,88,BK,no,si,2022-10-04,2023-12-27
8901.10.00,89,BK,no,si,2022-10-04,2023-12-27
8901.20.00,89,BK,no,si,2022-10-04,2023-12-27
8901.30.00,89,BK,no,si,2022-10-04,2023-12-27
8901.90.00,89,BK,no,si,2022-10-04,2023-12-27
8902.00.10,89,BK,no,si,2022-10-04,2023-12-27
8902.00.90,89,BK,no,si,2022-10-04,2023-12-27
8903.10.00,89,,no,si,2022-10-04,2023-12-27
8903.91.00,89,,no,si,2022-10-04,2023-12-27
8903.92.00,89,,no,si,2022-10-04,2023-12-27
8903.99.00,89,,no,si,2022-10-04,2023-12-27
8904.00.00,89,BK,si,si,2022-08-25,2023-12-27
8905.10.00,89,BK,no,si,2022-10-04,2023-12-27
8905.20.00,89,BK,no,si,2022-10-04,2023-12-27
8905.90.00,89,BK,no,si,2022-10-04,2023-12-27
8906.10.00,89,BK,no,si,2022-10-04,2023-12-27
8906.90.00,89,BK,no,si,2022-10-04,2023-12-27
8907.10.00,89,BK,no,si,2022-10-04,2023-12-27
8907.90.00,89,BK,no,si,2022-10-04,2023-12-27
8908.00.00,89,,no,si,2022-10-04,2023-12-27
9001.10.11,90,BIT,no,si,2022-10-04,2023-12-27
9001.10.19,90,BIT,no,si,2022-10-04,2023-12-27
9001.10.20,90,BIT,no,si,2022-10-04,2023-12-27
9001.20.00,90,,no,si,2022-10-04,2023-12-27
9001.30.00,90,,no,si,2022-10-04,2023-12-27
9001.40.00,90,,no,si,2022-10-04,2023-12-27
9001.50.00,90,,no,si,2022-10-04,2023-12-27
9001.90.10,90,,no,si,2022-10-04,2023-12-27
9001.90.90,90,,no,si,2022-10-04,2023-12-27
9002.11.10,90,,no,si,2022-10-04,2023-12-27
9002.11.20,90,BK,no,si,2022-10-04,2023-12-27
9002.11.90,90,,no,si,2022-10-04,2023-12-27
9002.19.00,90,,no,si,2022-10-04,2023-12-27
9002.20.10,90,,no,si,2022-10-04,2023-12-27
9002.20.90,90,,no,si,2022-10-04,2023-12-27
9002.90.00,90,,no,si,2022-10-04,2023-12-27
9003.11.00,90,,no,si,2022-10-04,2023-12-27
9003.19.10,90,,no,si,2022-10-04,2023-12-27
9003.19.90,90,,no,si,2022-10-04,2023-12-27
9003.90.10,90,,no,si,2022-10-04,2023-12-27
9003.90.90,90,,no,si,2022-10-04,2023-12-27
9004.10.00,90,,no,si,2022-10-04,2023-12-27
9004.90.10,90,,no,si,2022-10-04,2023-12-27
9004.90.20,90,,no,si,2022-10-04,2023-12-27
9004.90.90,90,,no,si,2022-10-04,2023-12-27
9005.10.00,90,,no,si,2022-10-04,2023-12-27
9005.80.00,90,BK,no,si,2022-10-04,2023-12-27
9005.90.10,90,,no,si,2022-10-04,2023-12-27
9005.90.90,90,BK,no,si,2022-10-04,2023-12-27
9006.30.00,90,BK,no,si,2022-10-04,2023-12-27
9006.40.00,90,,no,si,2022-10-04,2023-12-27
9006.51.00,90,,no,si,2022-10-04,2023-12-27
9006.52.00,90,,no,si,2022-10-04,2023-12-27
9006.53.10,90,,no,si,2022-10-04,2023-12-27
9006.53.20,90,,no,si,2022-10-04,2023-12-27
9006.59.30,90,BK,no,si,2022-10-04,2023-12-27
9006.59.40,90,,no,si,2022-10-04,2023-12-27
9006.59.51,90,,no,si,2022-10-04,2023-12-27
9006.59.59,90,,no,si,2022-10-04,2023-12-27
9006.61.00,90,,no,si,2022-10-04,2023-12-27
9006.69.00,90,,no,si,2022-10-04,2023-12-27
9006.91.10,90,,no,si,2022-10-04,2023-12-27
9006.91.90,90,,no,si,2022-10-04,2023-12-27
9006.99.00,90,,no,si,2022-10-04,2023-12-27
9007.10.00,90,BK,no,si,2022-10-04,2023-12-27
9007.20.20,90,BK,no,si,2022-10-04,2023-12-27
9007.20.90,90,BK,no,si,2022-10-04,2023-12-27
9007.91.00,90,BK,no,si,2022-10-04,2023-12-27
9007.92.00,90,BK,no,si,2022-10-04,2023-12-27
9008.50.00,90,,no,si,2022-10-04,2023-12-27
9008.90.00,90,,no,si,2022-10-04,2023-12-27
9010.10.10,90,BK,no,si,2022-10-04,2023-12-27
9010.10.20,90,BK,no,si,2022-10-04,2023-12-27
9010.10.90,90,BK,no,si,2022-10-04,2023-12-27
9010.50.10,90,BK,no,si,2022-10-04,2023-12-27
9010.50.20,90,BK,no,si,2022-10-04,2023-12-27
9010.50.90,90,,no,si,2022-10-04,2023-12-27
9010.60.00,90,,no,si,2022-10-04,2023-12-27
9010.90.10,90,BK,no,si,2022-10-04,2023-12-27
9010.90.90,90,,no,si,2022-10-04,2023-12-27
9011.10.00,90,BK,no,si,2022-10-04,2023-12-27
9011.20.10,90,BK,no,si,2022-10-04,2023-12-27
9011.20.20,90,BK,no,si,2022-10-04,2023-12-27
9011.20.30,90,BK,no,si,2022-10-04,2023-12-27
9011.80.10,90,BK,no,si,2022-10-04,2023-12-27
9011.80.90,90,BK,no,si,2022-10-04,2023-12-27
9011.90.10,90,BK,no,si,2022-10-04,2023-12-27
9011.90.90,90,BK,no,si,2022-10-04,2023-12-27
9012.10.10,90,BK,no,si,2022-10-04,2023-12-27
9012.10.90,90,BK,no,si,2022-10-04,2023-12-27
9012.90.10,90,BK,no,si,2022-10-04,2023-12-27
9012.90.90,90,BK,no,si,2022-10-04,2023-12-27
9013.10.10,90,,no,si,2022-10-04,2023-12-27
9013.10.90,90,BK,no,si,2022-10-04,2023-12-27
9013.20.00,90,BK,no,si,2022-10-04,2023-12-27
9013.80.10,90,BIT,no,si,2022-10-04,2023-12-27
9013.80.90,90,,no,si,2022-10-04,2023-12-27
9013.90.00,90,BK,no,si,2022-10-04,2023-12-27
9014.10.00,90,BK,no,si,2022-10-04,2023-12-27
9014.20.10,90,BK,no,si,2022-10-04,2023-12-27
9014.20.20,90,BK,no,si,2022-10-04,2023-12-27
9014.20.30,90,BK,no,si,2022-10-04,2023-12-27
9014.20.90,90,BK,no,si,2022-10-04,2023-12-27
9014.80.10,90,BK,no,si,2022-10-04,2023-12-27
9014.80.90,90,BK,no,si,2022-10-04,2023-12-27
9014.90.00,90,BK,no,si,2022-10-04,2023-12-27
9015.10.00,90,BK,no,si,2022-10-04,2023-12-27
9015.20.10,90,BK,no,si,2022-10-04,2023-12-27
9015.20.90,90,BK,no,si,2022-10-04,2023-12-27
9015.30.00,90,BK,no,si,2022-10-04,2023-12-27
9015.40.00,90,BK,no,si,2022-10-04,2023-12-27
9015.80.10,90,BK,no,si,2022-10-04,2023-12-27
9015.80.90,90,BK,no,si,2022-10-04,2023-12-27
9015.90.10,90,BK,no,si,2022-10-04,2023-12-27
9015.90.90,90,BK,no,si,2022-10-04,2023-12-27
9016.00.10,90,BK,no,si,2022-10-04,2023-12-27
9016.00.90,90,BK,no,si,2022-10-04,2023-12-27
9017.10.10,90,BK,no,si,2022-10-04,2023-12-27
9017.10.90,90,,no,si,2022-10-04,2023-12-27
9017.20.00,90,,no,si,2022-10-04,2023-12-27
9017.30.10,90,,no,si,2022-10-04,2023-12-27
9017.30.20,90,,no,si,2022-10-04,2023-12-27
9017.30.90,90,,no,si,2022-10-04,2023-12-27
9017.80.10,90,,si,si,2022-08-25,2023-12-27
9017.80.90,90,,no,si,2022-10-04,2023-12-27
9017.90.10,90,BK,no,si,2022-10-04,2023-12-27
9017.90.90,90,,no,si,2022-10-04,2023-12-27
9023.00.00,90,,no,si,2022-10-04,2023-12-27
9024.10.10,90,BK,no,si,2022-10-04,2023-12-27
9024.10.20,90,BK,no,si,2022-10-04,2023-12-27
9024.10.90,90,BK,no,si,2022-10-04,2023-12-27
9024.80.11,90,BK,no,si,2022-10-04,2023-12-27
9024.80.19,90,BK,no,si,2022-10-04,2023-12-27
9024.80.21,90,BK,no,si,2022-10-04,2023-12-27
9024.80.29,90,BK,no,si,2022-10-04,2023-12-27
9024.80.90,90,BK,no,si,2022-10-04,2023-12-27
9024.90.00,90,BK,no,si,2022-10-04,2023-12-27
9025.11.10,90,,no,si,2022-10-04,2023-12-27
9025.11.90,90,,no,si,2022-10-04,2023-12-27
9025.19.10,90,,no,si,2022-10-04,2023-12-27
9025.19.90,90,,no,si,2022-10-04,2023-12-27
9025.80.00,90,,no,si,2022-10-04,2023-12-27
9025.90.10,90,,no,si,2022-10-04,2023-12-27
9025.90.90,90,,no,si,2022-10-04,2023-12-27
9026.10.11,90,BIT,no,si,2022-10-04,2023-12-27
9026.10.19,90,,no,si,2022-10-04,2023-12-27
9026.10.21,90,,no,si,2022-10-04,2023-12-27
9026.10.29,90,,no,si,2022-10-04,2023-12-27
9026.20.10,90,,no,si,2022-10-04,2023-12-27
9026.20.90,90,,no,si,2022-10-04,2023-12-27
9026.80.00,90,,no,si,2022-10-04,2023-12-27
9026.90.10,90,,no,si,2022-10-04,2023-12-27
9026.90.20,90,,no,si,2022-10-04,2023-12-27
9026.90.90,90,,no,si,2022-10-04,2023-12-27
9027.10.00,90,BK,no,si,2022-10-04,2023-12-27
9027.20.11,90,BK,no,si,2022-10-04,2023-12-27
9027.20.12,90,BK,no,si,2022-10-04,2023-12-27
9027.20.19,90,BK,no,si,2022-10-04,2023-12-27
9027.20.21,90,BK,no,si,2022-10-04,2023-12-27
9027.20.29,90,BK,no,si,2022-10-04,2023-12-27
9027.30.11,90,BK,no,si,2022-10-04,2023-12-27
9027.30.19,90,BK,no,si,2022-10-04,2023-12-27
9027.30.20,90,BK,no,si,2022-10-04,2023-12-27
9027.50.10,90,BK,no,si,2022-10-04,2023-12-27
9027.50.20,90,BK,no,si,2022-10-04,2023-12-27
9027.50.30,90,BK,no,si,2022-10-04,2023-12-27
9027.50.40,90,BK,no,si,2022-10-04,2023-12-27
9027.50.50,90,BK,no,si,2022-10-04,2023-12-27
9027.50.90,90,BK,no,si,2022-10-04,2023-12-27
9027.80.11,90,BK,no,si,2022-10-04,2023-12-27
9027.80.12,90,BK,no,si,2022-10-04,2023-12-27
9027.80.13,90,BK,no,si,2022-10-04,2023-12-27
9027.80.14,90,BK,no,si,2022-10-04,2023-12-27
9027.80.20,90,BK,no,si,2022-10-04,2023-12-27
9027.80.30,90,BK,no,si,2022-10-04,2023-12-27
9027.80.91,90,BK,no,si,2022-10-04,2023-12-27
9027.80.99,90,BK,no,si,2022-10-04,2023-12-27
9027.90.10,90,BK,no,si,2022-10-04,2023-12-27
9027.90.91,90,BK,no,si,2022-10-04,2023-12-27
9027.90.93,90,BK,no,si,2022-10-04,2023-12-27
9027.90.99,90,BK,no,si,2022-10-04,2023-12-27
9028.10.11,90,BK,no,si,2022-10-04,2023-12-27
9028.10.19,90,BK,no,si,2022-10-04,2023-12-27
9028.10.90,90,,no,si,2022-10-04,2023-12-27
9028.20.10,90,,no,si,2022-10-04,2023-12-27
9028.20.20,90,,no,si,2022-10-04,2023-12-27
9028.30.11,90,BIT,no,si,2022-10-04,2023-12-27
9028.30.19,90,,no,si,2022-10-04,2023-12-27
9028.30.21,90,BIT,no,si,2022-10-04,2023-12-27
9028.30.29,90,,no,si,2022-10-04,2023-12-27
9028.30.31,90,BIT,no,si,2022-10-04,2023-12-27
9028.30.39,90,,no,si,2022-10-04,2023-12-27
9028.30.90,90,,no,si,2022-10-04,2023-12-27
9028.90.10,90,,no,si,2022-10-04,2023-12-27
9028.90.90,90,,no,si,2022-10-04,2023-12-27
9029.10.10,90,BK,no,si,2022-10-04,2023-12-27
9029.10.90,90,,no,si,2022-10-04,2023-12-27
9029.20.10,90,,no,si,2022-10-04,2023-12-27
9029.20.20,90,,no,si,2022-10-04,2023-12-27
9029.90.10,90,,no,si,2022-10-04,2023-12-27
9029.90.90,90,,no,si,2022-10-04,2023-12-27
9030.10.10,90,BK,no,si,2022-10-04,2023-12-27
9030.10.90,90,BK,no,si,2022-10-04,2023-12-27
9030.20.10,90,BIT,no,si,2022-10-04,2023-12-27
9030.20.21,90,BIT,no,si,2022-10-04,2023-12-27
9030.20.22,90,BIT,no,si,2022-10-04,2023-12-27
9030.20.29,90,BIT,no,si,2022-10-04,2023-12-27
9030.20.30,90,BK,no,si,2022-10-04,2023-12-27
9030.31.00,90,BK,no,si,2022-10-04,2023-12-27
9030.32.00,90,BK,no,si,2022-10-04,2023-12-27
9030.33.11,90,BIT,no,si,2022-10-04,2023-12-27
9030.33.19,90,BIT,no,si,2022-10-04,2023-12-27
9030.33.21,90,,no,si,2022-10-04,2023-12-27
9030.33.29,90,BK,no,si,2022-10-04,2023-12-27
9030.33.90,90,BK,no,si,2022-10-04,2023-12-27
9030.39.10,90,BIT,no,si,2022-10-04,2023-12-27
9030.39.90,90,BK,no,si,2022-10-04,2023-12-27
9030.40.10,90,BIT,no,si,2022-10-04,2023-12-27
9030.40.20,90,BIT,no,si,2022-10-04,2023-12-27
9030.40.30,90,BIT,no,si,2022-10-04,2023-12-27
9030.40.90,90,BIT,no,si,2022-10-04,2023-12-27
9030.82.10,90,BIT,no,si,2022-10-04,2023-12-27
9030.82.90,90,BIT,no,si,2022-10-04,2023-12-27
9030.84.10,90,BIT,no,si,2022-10-04,2023-12-27
9030.84.20,90,BIT,no,si,2022-10-04,2023-12-27
9030.84.90,90,BK,no,si,2022-10-04,2023-12-27
9030.89.10,90,BIT,no,si,2022-10-04,2023-12-27
9030.89.20,90,BIT,no,si,2022-10-04,2023-12-27
9030.89.30,90,BIT,no,si,2022-10-04,2023-12-27
9030.89.40,90,BIT,no,si,2022-10-04,2023-12-27
9030.89.90,90,BIT,no,si,2022-10-04,2023-12-27
9030.90.10,90,BK,no,si,2022-10-04,2023-12-27
9030.90.90,90,BIT,no,si,2022-10-04,2023-12-27
9031.10.00,90,BK,no,si,2022-10-04,2023-12-27
9031.20.10,90,BK,no,si,2022-10-04,2023-12-27
9031.20.90,90,BK,no,si,2022-10-04,2023-12-27
9031.41.00,90,BK,no,si,2022-10-04,2023-12-27
9031.49.10,90,BK,no,si,2022-10-04,2023-12-27
9031.49.20,90,BK,no,si,2022-10-04,2023-12-27
9031.49.90,90,BK,no,si,2022-10-04,2023-12-27
9031.80.11,90,BK,no,si,2022-10-04,2023-12-27
9031.80.12,90,BK,no,si,2022-10-04,2023-12-27
9031.80.20,90,BK,no,si,2022-10-04,2023-12-27
9031.80.30,90,BK,no,si,2022-10-04,2023-12-27
9031.80.40,90,BIT,no,si,2022-10-04,2023-12-27
9031.80.50,90,BK,no,si,2022-10-04,2023-12-27
9031.80.60,90,BK,no,si,2022-10-04,2023-12-27
9031.80.91,90,BK,no,si,2022-10-04,2023-12-27
9031.80.99,90,BK,si,si,2022-08-25,2023-12-27
9031.90.10,90,BK,no,si,2022-10-04,2023-12-27
9031.90.90,90,BK,no,si,2022-10-04,2023-12-27
9032.10.10,90,,si,si,2022-08-25,2023-12-27
9032.10.90,90,,si,si,2022-08-25,2023-12-27
9032.20.00,90,,no,si,2022-10-04,2023-12-27
9032.81.00,90,,no,si,2022-10-04,2023-12-27
9032.89.11,90,BIT,si,si,2022-08-25,2023-12-27
9032.89.19,90,,no,si,2022-10-04,2023-12-27
9032.89.21,90,BIT,no,si,2022-10-04,2023-12-27
9032.89.22,90,BIT,no,si,2022-10-04,2023-12-27
9032.89.23,90,BIT,no,si,2022-10-04,2023-12-27
9032.89.24,90,BIT,no,si,2022-10-04,2023-12-27
9032.89.25,90,BIT,no,si,2022-10-04,2023-12-27
9032.89.29,90,BIT,si,si,2022-08-25,2023-12-27
9032.89.30,90,BIT,no,si,2022-10-04,2023-12-27
9032.89.81,90,BIT,no,si,2022-10-04,2023-12-27
9032.89.82,90,BIT,no,si,2022-10-04,2023-12-27
9032.89.83,90,BIT,no,si,2022-10-04,2023-12-27
9032.89.84,90,BK,no,si,2022-10-04,2023-12-27
9032.89.89,90,BIT,no,si,2022-10-04,2023-12-27
9032.89.90,90,,no,si,2022-10-04,2023-12-27
9032.90.10,90,BIT,no,si,2022-10-04,2023-12-27
9032.90.91,90,,no,si,2022-10-04,2023-12-27
9032.90.99,90,BIT,no,si,2022-10-04,2023-12-27
9033.00.00,90,,no,si,2022-10-04,2023-12-27
9101.11.00,91,,no,si,2022-10-04,2023-12-27
9101.19.00,91,,no,si,2022-10-04,2023-12-27
9101.21.00,91,,no,si,2022-10-04,2023-12-27
9101.29.00,91,,no,si,2022-10-04,2023-12-27
9101.91.00,91,,no,si,2022-10-04,2023-12-27
9101.99.00,91,,no,si,2022-10-04,2023-12-27
9102.11.10,91,,no,si,2022-10-04,2023-12-27
9102.11.90,91,,no,si,2022-10-04,2023-12-27
9102.12.10,91,,no,si,2022-10-04,2023-12-27
9102.12.20,91,,no,si,2022-10-04,2023-12-27
9102.12.90,91,,no,si,2022-10-04,2023-12-27
9102.19.00,91,,no,si,2022-10-04,2023-12-27
9102.21.00,91,,no,si,2022-10-04,2023-12-27
9102.29.00,91,,no,si,2022-10-04,2023-12-27
9102.91.00,91,,no,si,2022-10-04,2023-12-27
9102.99.00,91,,no,si,2022-10-04,2023-12-27
9103.10.00,91,,no,si,2022-10-04,2023-12-27
9103.90.00,91,,no,si,2022-10-04,2023-12-27
9104.00.00,91,,no,si,2022-10-04,2023-12-27
9105.11.00,91,,no,si,2022-10-04,2023-12-27
9105.19.00,91,,no,si,2022-10-04,2023-12-27
9105.21.00,91,,no,si,2022-10-04,2023-12-27
9105.29.00,91,,no,si,2022-10-04,2023-12-27
9105.91.00,91,,no,si,2022-10-04,2023-12-27
9105.99.00,91,,no,si,2022-10-04,2023-12-27
9106.10.00,91,,no,si,2022-10-04,2023-12-27
9106.90.00,91,,no,si,2022-10-04,2023-12-27
9107.00.10,91,,no,si,2022-10-04,2023-12-27
9107.00.90,91,,no,si,2022-10-04,2023-12-27
9108.11.10,91,,no,si,2022-10-04,2023-12-27
9108.11.90,91,,no,si,2022-10-04,2023-12-27
9108.12.00,91,,no,si,2022-10-04,2023-12-27
9108.19.00,91,,no,si,2022-10-04,2023-12-27
9108.20.00,91,,no,si,2022-10-04,2023-12-27
9108.90.00,91,,no,si,2022-10-04,2023-12-27
9109.10.00,91,,no,si,2022-10-04,2023-12-27
9109.90.00,91,,no,si,2022-10-04,2023-12-27
9110.11.10,91,,no,si,2022-10-04,2023-12-27
9110.11.90,91,,no,si,2022-10-04,2023-12-27
9110.12.00,91,,no,si,2022-10-04,2023-12-27
9110.19.00,91,,no,si,2022-10-04,2023-12-27
9110.90.00,91,,no,si,2022-10-04,2023-12-27
9111.10.00,91,,no,si,2022-10-04,2023-12-27
9111.20.10,91,,no,si,2022-10-04,2023-12-27
9111.20.90,91,,no,si,2022-10-04,2023-12-27
9111.80.00,91,,no,si,2022-10-04,2023-12-27
9111.90.10,91,,no,si,2022-10-04,2023-12-27
9111.90.90,91,,no,si,2022-10-04,2023-12-27
9112.20.00,91,,no,si,2022-10-04,2023-12-27
9112.90.00,91,,no,si,2022-10-04,2023-12-27
9113.10.00,91,,no,si,2022-10-04,2023-12-27
9113.20.00,91,,no,si,2022-10-04,2023-12-27
9113.90.00,91,,no,si,2022-10-04,2023-12-27
9114.10.00,91,,no,si,2022-10-04,2023-12-27
9114.30.00,91,,no,si,2022-10-04,2023-12-27
9114.40.00,91,,no,si,2022-10-04,2023-12-27
9114.90.10,91,,no,si,2022-10-04,2023-12-27
9114.90.20,91,,no,si,2022-10-04,2023-12-27
9114.90.30,91,,no,si,2022-10-04,2023-12-27
9114.90.40,91,,no,si,2022-10-04,2023-12-27
9114.90.50,91,,no,si,2022-10-04,2023-12-27
9114.90.60,91,,no,si,2022-10-04,2023-12-27
9114.90.70,91,,no,si,2022-10-04,2023-12-27
9114.90.90,91,,no,si,2022-10-04,2023-12-27
9201.10.00,92,,no,si,2022-10-04,2023-12-27
9201.20.00,92,,no,si,2022-10-04,2023-12-27
9201.90.00,92,,no,si,2022-10-04,2023-12-27
9202.10.00,92,,no,si,2022-10-04,2023-12-27
9202.90.00,92,,si,si,2022-08-25,2023-12-27
9205.10.00,92,,no,si,2022-10-04,2023-12-27
9205.90.00,92,,no,si,2022-10-04,2023-12-27
9206.00.00,92,,no,si,2022-10-04,2023-12-27
9207.10.10,92,,no,si,2022-10-04,2023-12-27
9207.10.90,92,,no,si,2022-10-04,2023-12-27
9207.90.10,92,,no,si,2022-10-04,2023-12-27
9207.90.90,92,,no,si,2022-10-04,2023-12-27
9208.10.00,92,,no,si,2022-10-04,2023-12-27
9208.90.00,92,,no,si,2022-10-04,2023-12-27
9209.30.00,92,,si,si,2022-08-25,2023-12-27
9209.91.00,92,,no,si,2022-10-04,2023-12-27
9209.92.00,92,,no,si,2022-10-04,2023-12-27
9209.94.00,92,,no,si,2022-10-04,2023-12-27
9209.99.00,92,,no,si,2022-10-04,2023-12-27
9301.10.00,93,,no,si,2022-10-04,2023-12-27
9301.20.00,93,,no,si,2022-10-04,2023-12-27
9301.90.00,93,,no,si,2022-10-04,2023-12-27
9302.00.00,93,,no,si,2022-10-04,2023-12-27
9303.10.00,93,,no,si,2022-10-04,2023-12-27
9303.20.00,93,,no,si,2022-10-04,2023-12-27
9303.30.00,93,,no,si,2022-10-04,2023-12-27
9303.90.00,93,,no,si,2022-10-04,2023-12-27
9304.00.00,93,,no,si,2022-10-04,2023-12-27
9305.10.00,93,,no,si,2022-10-04,2023-12-27
9305.20.00,93,,no,si,2022-10-04,2023-12-27
9305.91.00,93,,no,si,2022-10-04,2023-12-27
9305.99.00,93,,no,si,2022-10-04,2023-12-27
9306.21.00,93,,si,si,2022-08-25,2023-12-27
9306.29.00,93,,no,si,2022-10-04,2023-12-27
9306.30.00,93,,si,si,2022-08-25,2023-12-27
9306.90.00,93,,si,si,2022-08-25,2023-12-27
9307.00.00,93,,no,si,2022-10-04,2023-12-27
9401.10.10,94,,no,si,2022-10-04,2023-12-27
9401.10.90,94,,no,si,2022-10-04,2023-12-27
9401.20.00,94,,no,si,2022-10-04,2023-12-27
9401.30.10,94,,si,si,2022-08-25,2023-12-27
9401.30.90,94,,si,si,2022-08-25,2023-12-27
9401.40.10,94,,si,si,2022-08-25,2023-12-27
9401.40.90,94,,si,si,2022-08-25,2023-12-27
9401.52.00,94,,si,si,2022-08-25,2023-12-27
9401.53.00,94,,si,si,2022-08-25,2023-12-27
9401.59.00,94,,no,si,2022-10-04,2023-12-27
9401.61.00,94,,si,si,2022-08-25,2023-12-27
9401.69.00,94,,si,si,2022-08-25,2023-12-27
9401.71.00,94,,si,si,2022-08-25,2023-12-27
9401.79.00,94,,si,si,2022-08-25,2023-12-27
9401.80.00,94,,si,si,2022-08-25,2023-12-27
9401.90.10,94,,si,si,2022-08-25,2023-12-27
9401.90.90,94,,si,si,2022-08-25,2023-12-27
9402.90.10,94,BK,si,si,2022-08-25,2023-12-27
9403.10.00,94,,si,si,2022-08-25,2023-12-27
9403.20.00,94,,si,si,2022-08-25,2023-12-27
9403.30.00,94,,si,si,2022-08-25,2023-12-27
9403.40.00,94,,si,si,2022-08-25,2023-12-27
9403.50.00,94,,si,si,2022-08-25,2023-12-27
9403.60.00,94,,si,si,2022-08-25,2023-12-27
9403.70.00,94,,si,si,2022-08-25,2023-12-27
9403.82.00,94,,no,si,2022-10-04,2023-12-27
9403.83.00,94,,no,si,2022-10-04,2023-12-27
9403.89.00,94,,si,si,2022-08-25,2023-12-27
9403.90.10,94,,si,si,2022-08-25,2023-12-27
9403.90.90,94,,si,si,2022-08-25,2023-12-27
9404.10.00,94,,si,si,2022-08-25,2023-12-27
9404.21.00,94,,si,si,2022-08-25,2023-12-27
9404.29.00,94,,si,si,2022-08-25,2023-12-27
9404.30.00,94,,no,si,2022-10-04,2023-12-27
9404.90.00,94,,si,si,2022-08-25,2023-12-27
9405.10.10,94,,no,si,2022-10-04,2023-12-27
9405.10.91,94,,no,si,2022-10-04,2023-12-27
9405.10.92,94,,no,si,2022-10-04,2023-12-27
9405.10.93,94,,si,si,2022-08-25,2023-12-27
9405.10.99,94,,no,si,2022-10-04,2023-12-27
9405.20.00,94,,si,si,2022-08-25,2023-12-27
9405.30.00,94,,no,si,2022-10-04,2023-12-27
9405.40.10,94,,si,si,2022-08-25,2023-12-27
9405.40.90,94,,si,si,2022-08-25,2023-12-27
9405.50.00,94,,no,si,2022-10-04,2023-12-27
9405.60.00,94,,si,si,2022-08-25,2023-12-27
9405.91.00,94,,no,si,2022-10-04,2023-12-27
9405.92.00,94,,no,si,2022-10-04,2023-12-27
9405.99.00,94,,no,si,2022-10-04,2023-12-27
9406.10.10,94,BK,no,si,2022-10-04,2023-12-27
9406.10.90,94,,no,si,2022-10-04,2023-12-27
9406.90.10,94,BK,no,si,2022-10-04,2023-12-27
9406.90.20,94,BK,no,si,2022-10-04,2023-12-27
9406.90.90,94,,no,si,2022-10-04,2023-12-27
9503.00.10,95,,si,si,2022-08-25,2023-12-27
9503.00.21,95,,si,si,2022-08-25,2023-12-27
9503.00.22,95,,si,si,2022-08-25,2023-12-27
9503.00.29,95,,si,si,2022-08-25,2023-12-27
9503.00.31,95,,si,si,2022-08-25,2023-12-27
9503.00.39,95,,si,si,2022-08-25,2023-12-27
9503.00.40,95,,si,si,2022-08-25,2023-12-27
9503.00.50,95,,si,si,2022-08-25,2023-12-27
9503.00.60,95,,si,si,2022-08-25,2023-12-27
9503.00.70,95,,si,si,2022-08-25,2023-12-27
9503.00.80,95,,si,si,2022-08-25,2023-12-27
9503.00.91,95,,si,si,2022-08-25,2023-12-27
9503.00.97,95,,si,si,2022-08-25,2023-12-27
9503.00.98,95,,si,si,2022-08-25,2023-12-27
9503.00.99,95,,si,si,2022-08-25,2023-12-27
9504.20.00,95,,no,si,2022-10-04,2023-12-27
9504.30.00,95,,si,si,2022-08-25,2023-12-27
9504.40.00,95,,si,si,2022-08-25,2023-12-27
9504.50.00,95,,si,si,2022-08-25,2023-12-27
9504.90.10,95,,si,si,2022-08-25,2023-12-27
9504.90.90,95,,si,si,2022-08-25,2023-12-27
9505.10.00,95,,si,si,2022-08-25,2023-12-27
9505.90.00,95,,no,si,2022-10-04,2023-12-27
9506.11.00,95,,no,si,2022-10-04,2023-12-27
9506.12.00,95,,no,si,2022-10-04,2023-12-27
9506.19.00,95,,no,si,2022-10-04,2023-12-27
9506.21.00,95,,no,si,2022-10-04,2023-12-27
9506.29.00,95,,no,si,2022-10-04,2023-12-27
9506.31.00,95,,no,si,2022-10-04,2023-12-27
9506.32.00,95,,no,si,2022-10-04,2023-12-27
9506.39.00,95,,no,si,2022-10-04,2023-12-27
9506.40.00,95,,no,si,2022-10-04,2023-12-27
9506.51.00,95,,no,si,2022-10-04,2023-12-27
9506.59.00,95,,no,si,2022-10-04,2023-12-27
9506.61.00,95,,si,si,2022-08-25,2023-12-27
9506.62.00,95,,si,si,2022-08-25,2023-12-27
9506.69.00,95,,no,si,2022-10-04,2023-12-27
9506.70.00,95,,no,si,2022-10-04,2023-12-27
9506.91.00,95,,si,si,2022-08-25,2023-12-27
9506.99.00,95,,si,si,2022-08-25,2023-12-27
9507.10.00,95,,no,si,2022-10-04,2023-12-27
9507.20.00,95,,no,si,2022-10-04,2023-12-27
9507.30.00,95,,no,si,2022-10-04,2023-12-27
9507.90.00,95,,no,si,2022-10-04,2023-12-27
9508.10.00,95,,no,si,2022-10-04,2023-12-27
9508.90.10,95,,no,si,2022-10-04,2023-12-27
9508.90.20,95,,no,si,2022-10-04,2023-12-27
9508.90.30,95,,no,si,2022-10-04,2023-12-27
9508.90.90,95,,no,si,2022-10-04,2023-12-27
9601.10.00,96,,no,si,2022-10-04,2023-12-27
9601.90.00,96,,no,si,2022-10-04,2023-12-27
9602.00.10,96,,no,si,2022-10-04,2023-12-27
9602.00.20,96,,no,si,2022-10-04,2023-12-27
9602.00.90,96,,no,si,2022-10-04,2023-12-27
9603.10.00,96,,no,si,2022-10-04,2023-12-27
9603.21.00,96,,no,si,2022-10-04,2023-12-27
9603.29.00,96,,no,si,2022-10-04,2023-12-27
9603.30.00,96,,no,si,2022-10-04,2023-12-27
9603.40.10,96,,no,si,2022-10-04,2023-12-27
9603.40.90,96,,no,si,2022-10-04,2023-12-27
9603.50.00,96,,no,si,2022-10-04,2023-12-27
9603.90.00,96,,si,si,2022-08-25,2023-12-27
9604.00.00,96,,no,si,2022-10-04,2023-12-27
9605.00.00,96,,no,si,2022-10-04,2023-12-27
9606.10.00,96,,no,si,2022-10-04,2023-12-27
9606.21.00,96,,si,si,2022-08-25,2023-12-27
9606.22.00,96,,no,si,2022-10-04,2023-12-27
9606.29.00,96,,no,si,2022-10-04,2023-12-27
9606.30.00,96,,no,si,2022-10-04,2023-12-27
9607.11.00,96,,si,si,2022-08-25,2023-12-27
9607.19.00,96,,si,si,2022-08-25,2023-12-27
9607.20.00,96,,si,si,2022-08-25,2023-12-27
9608.10.00,96,,no,si,2022-10-04,2023-12-27
9608.20.00,96,,si,si,2022-08-25,2023-12-27
9608.30.00,96,,no,si,2022-10-04,2023-12-27
9608.40.00,96,,no,si,2022-10-04,2023-12-27
9608.50.00,96,,no,si,2022-10-04,2023-12-27
9608.60.00,96,,no,si,2022-10-04,2023-12-27
9608.91.00,96,,no,si,2022-10-04,2023-12-27
9608.99.81,96,,no,si,2022-10-04,2023-12-27
9608.99.89,96,,no,si,2022-10-04,2023-12-27
9608.99.90,96,,no,si,2022-10-04,2023-12-27
9609.10.00,96,,no,si,2022-10-04,2023-12-27
9609.20.00,96,,no,si,2022-10-04,2023-12-27
9609.90.00,96,,no,si,2022-10-04,2023-12-27
9610.00.00,96,,no,si,2022-10-04,2023-12-27
9611.00.00,96,,no,si,2022-10-04,2023-12-27
9612.10.11,96,,no,si,2022-10-04,2023-12-27
9612.10.12,96,,no,si,2022-10-04,2023-12-27
9612.10.13,96,,no,si,2022-10-04,2023-12-27
9612.10.19,96,,no,si,2022-10-04,2023-12-27
9612.10.90,96,,no,si,2022-10-04,2023-12-27
9612.20.00,96,,no,si,2022-10-04,2023-12-27
9613.10.00,96,,no,si,2022-10-04,2023-12-27
9613.20.00,96,,no,si,2022-10-04,2023-12-27
9613.80.00,96,,no,si,2022-10-04,2023-12-27
9613.90.00,96,,no,si,2022-10-04,2023-12-27
9614.00.00,96,,no,si,2022-10-04,2023-12-27
9615.11.00,96,,no,si,2022-10-04,2023-12-27
9615.19.00,96,,no,si,2022-10-04,2023-12-27
9615.90.00,96,,no,si,2022-10-04,2023-12-27
9616.10.00,96,,no,si,2022-10-04,2023-12-27
9616.20.00,96,,no,si,2022-10-04,2023-12-27
9617.00.10,96,,si,si,2022-08-25,2023-12-27
9617.00.20,96,,no,si,2022-10-04,2023-12-27
9618.00.00,96,,no,si,2022-10-04,2023-12-27
9619.00.00,96,,si,si,2022-08-25,2023-12-27
9620.00.00,96,,no,si,2022-10-04,2023-12-27
9701.10.00,97,,no,si,2022-10-04,2023-12-27
9701.90.00,97,,no,si,2022-10-04,2023-12-27
9702.00.00,97,,no,si,2022-10-04,2023-12-27
9703.00.00,97,,no,si,2022-10-04,2023-12-27
9704.00.00,97,,no,si,2022-10-04,2023-12-27
9705.00.00,97,,no,si,2022-10-04,2023-12-27
9706.00.00,97,,no,si,2022-10-04,2023-12-27
